collected_videos_count,collection_time,influencer_id,id,nickname,followers,hearts
1.0,1674148803051.0,6.617417929003663e+18,30732329049,Shop Taly,82.0,19.0
1.0,1674150136905.0,6.815984173788202e+18,lhasagna,Lhasa Pereyra,93.0,120.0
1.0,1674148611175.0,6.900115939586409e+18,nrose.clothing,N‚ÄôROS√â,2.0,3.0
1.0,1674150137974.0,6.960316202713138e+18,beyouth.clothing,beyouth.clothing,0.0,2.0
1.0,1674148633478.0,6.962774532813833e+18,hellolarosabyh,Larosa by H,11.0,2.0
1.0,1674148589196.0,6.967633738927392e+18,liin.vn,liin.vn,6.0,3.0
1.0,1674148672301.0,6.976996212911572e+18,d.d.e.t.s,·¥Ö·¥Ö·¥á·¥õs,1365.0,3657.0
2.0,1674149839455.0,6.576208575977767e+18,hymyng,Hy My,2931.0,55600.0
2.0,1674148632054.0,6.674527069928146e+18,cozy.clubb,cozy.clubb,16.0,37.0
2.0,1674148603637.0,6.687500672067765e+18,31865110201,Venuco HN Sang,1.0,9.0
2.0,1674148596162.0,6.707482049462683e+18,curvyq.hn62,curvyq.hn,10.0,0.0
2.0,1674148978265.0,6.726035474073044e+18,hiuroom,Hiuroom,197.0,42.0
2.0,1674149750616.0,6.754928645448418e+18,shamong.vn,Sha M√¥ng,90.0,7.0
2.0,1674149933624.0,6.802954890685744e+18,marchy.saigon,MARCHY saigon,1142.0,13000.0
2.0,1674149593721.0,6.807636483320415e+18,scstudiosvn,SOCIAL COMMITMENT,17.0,1.0
2.0,1674148655151.0,6.812246110141531e+18,letrantuongly,B√© Ly hay t√≤ m√≤ üêº,158.0,588.0
2.0,1674148641029.0,6.822252263039813e+18,end.payce,END.PAYCE,2477.0,4830.0
2.0,1674149055992.0,6.888276220644673e+18,adore.dress,Marketing Ph√≤ng,2.0,3.0
2.0,1674148486798.0,6.960475295871616e+18,stressmama.brand,stressmama.brand,31.0,21.0
2.0,1674148724063.0,6.980688956695053e+18,tudocuanie,TudocuaNie,5.0,22.0
2.0,1674148700138.0,6.991277228055135e+18,foryoustore.vn,foryoustore.vn,3.0,3.0
3.0,1674148749184.0,6.583325297356194e+18,30348940393,Ebra Le,9508.0,30400.0
3.0,1674148637432.0,6.808398528588924e+18,giaogiaoday,giaogiaoday,283.0,6125.0
3.0,1674148602199.0,6.96053992547451e+18,olivace.studio,Olivace.studio,1.0,5.0
4.0,1674149122444.0,6.654823948566184e+18,anhtuyet_1609,√Ånh Tuy·∫øt,220.0,1867.0
4.0,1674148496938.0,6.714534010624919e+18,happyzoo_store,happyzoo_store,3309.0,25600.0
4.0,1674148759944.0,6.741655772184315e+18,mihie_mihie,Mihie_mihie,50.0,224.0
4.0,1674148680541.0,6.803727380604585e+18,beautebyv123,Ph√πng Th·∫£o V√¢n,4.0,11.0
4.0,1674149598475.0,6.871897084572861e+18,stitchstudio,stitchstudio,10.0,76.0
4.0,1674149926163.0,6.919403346194793e+18,rokeeoo,ROSIE,29.0,277.0
4.0,1674148831028.0,6.953782491451049e+18,dilyshoesofficial,dilyshoesofficial,1234.0,6657.0
4.0,1674149709881.0,6.954693242302662e+18,eumso.official,Eumso.Official,1.0,10.0
4.0,1674148522782.0,6.961426648575919e+18,zukyclothing,ZukyClothing,44.0,6.0
4.0,1674148465519.0,7.038500102822741e+18,philinh_,ƒêinh Ng·ªçc Phi Linh,441.0,427.0
5.0,1674149167816.0,6.783527180153865e+18,embellshouse,EMBell's House,21.0,139.0
5.0,1674148587746.0,6.799845573953324e+18,misoakimanh,Misoa Kim Anh,4044.0,7124.0
5.0,1674148635752.0,6.808091728885892e+18,huongboutiqueofficial,HuongBoutique,5.0,8.0
5.0,1674148428619.0,6.840294768775661e+18,soleil_room20,Chi Th·∫£o,6.0,74.0
5.0,1674148860539.0,7.01994654260596e+18,colkidsclub1010,Colkidsclub1010,4627.0,72100.0
6.0,1674149928017.0,65481424513.0,waffobia,Mike  ‚òÄÔ∏è,555.0,2171.0
6.0,1674149234780.0,6.685131896839685e+18,chithuocda,Ch·ªâ Thu·ªôc Da,157.0,482.0
6.0,1674148822381.0,6.696054063610955e+18,vhoangdiem,Ho√†ng Di·ªÖm,11900.0,54900.0
6.0,1674149018629.0,6.805815656598193e+18,nakedbyv,NAKEDBYV,354.0,326.0
6.0,1674148861883.0,6.940236505240012e+18,st2wear,ST2WEARSHOP,2.0,9.0
6.0,1674150996904.0,6.968387400659011e+18,douxria,riaüê£,15.0,27.0
7.0,1674148653105.0,6.643322430439834e+18,fusionism.vn,Fusionism.vn,1572.0,8492.0
7.0,1674149117440.0,6.664613089214005e+18,kyduyenbae,‚ú®Kyduyenbae‚ú®,729.0,1987.0
7.0,1674148896009.0,6.709422757451073e+18,popbirdy,POPBIRDY,17.0,77.0
7.0,1674148600038.0,6.836271639141074e+18,soyoungvn,soyoungvn,12500.0,65900.0
7.0,1674149311778.0,7.10382947368693e+18,dirtycoinssvh,Dirtycoins S∆∞ V·∫°n H·∫°nh,283.0,4259.0
7.0,1674148604208.0,7.173861961820964e+18,artistclub.vn,Artist Club,158.0,2166.0
8.0,1674148840657.0,78447620745.0,loubedora,Hy Kh√°nh,69.0,144.0
8.0,1674148426614.0,6.852507907204301e+16,viweedie,Vy L√™,352.0,2242.0
8.0,1674149349917.0,1.5998854428173926e+17,whattowearvn,Whattowear.vn,27.0,6.0
8.0,1674148643325.0,6.524443367002112e+18,khazsakkramer,Khazsak,3964.0,24300.0
8.0,1674149267942.0,6.602190866021335e+18,meoamii,meoamii,62.0,226.0
8.0,1674149363368.0,6.699104007792018e+18,onon.made,maimaionon,126.0,77.0
8.0,1674148492611.0,6.867038367671944e+18,urbanoutfits.vn,URBAN OUTFITS,21400.0,73100.0
8.0,1674148593555.0,6.925796862273734e+18,duxyen16.02,Nguy·ªÖn ƒê·ªó Nhi Y·∫øn,3815.0,19400.0
8.0,1674149589736.0,7.126798252858574e+18,elimazdress,Ph∆∞∆°ng Dress,336.0,626.0
9.0,1674148613447.0,6.827846668890113e+18,originality.official,originality.official,5.0,7.0
9.0,1674148535060.0,6.860331753945826e+18,rachelaziee,ch·ªì,1084.0,9608.0
9.0,1674148608317.0,6.970902204430403e+18,manliciouss,manliciouss,79.0,146.0
10.0,1674148523862.0,3091331.0,tu_hhao,T√∫ H·∫£o,109700.0,912800.0
10.0,1674148512700.0,3488568.0,thohin,TH‚úø,109800.0,1200000.0
10.0,1674149910403.0,8917398.0,t_h_u_c,Thuc dep trai,30100.0,691400.0
10.0,1674149639954.0,11497318.0,dotquynhnhu,ƒê·ªñ NH∆Ø | Model Tips,34600.0,543600.0
10.0,1674148726034.0,14828574.0,thxlinh,Ph·∫°m Linh,78300.0,449100.0
10.0,1674148463609.0,15369222.0,stellaminhtunguyen,Minh T√∫ Nguy·ªÖn üê∞,1400000.0,40900000.0
10.0,1674149204866.0,15633683.0,andreaaybar1995,Andrea Aybar,3800000.0,100600000.0
10.0,1674149188238.0,15666556.0,quynhanhshyn_,Quynh Anh Shyn,989900.0,9800000.0
10.0,1674148668072.0,15815395.0,_meiitheo,M√®o kh√¥ng ƒÉn c√° ìÜù ìÜü ìÜû,116900.0,4000000.0
10.0,1674148562643.0,15838036.0,thanhthanhla,Fung La,129200.0,805800.0
10.0,1674149162867.0,16138922.0,buikhanhha_,B√πi Kh√°nh H√†,131800.0,1200000.0
10.0,1674236134453.0,16265542.0,jacklynwicks,Jacklyn Wicks,135000.0,2200000.0
10.0,1674148998810.0,16414441.0,hansara.official,Han Sara,1400000.0,15300000.0
10.0,1674148589781.0,17609110.0,sithanh,Sƒ© Thanh,1100000.0,11400000.0
10.0,1674148631694.0,18916366.0,yori.babie,Yori.Babie,308200.0,3200000.0
10.0,1674148654986.0,20106373.0,galitv_,GaliTV,16300.0,212200.0
10.0,1674149650037.0,21257882.0,nheephan,‚ú® Nhee ‚ú®,18300.0,270700.0
10.0,1674149166869.0,21683307.0,dieuhoangg211,Di·ªáu Ho√†ng 211 üíïüíïüíï,728700.0,4200000.0
10.0,1674148702296.0,22703679.0,blmhuong,MAI HUONG,658200.0,16000000.0
10.0,1674149722207.0,25601287.0,folaooh,folaooh,12400.0,56900.0
10.0,1674148872224.0,27148218.0,hotline.pling,hotline.pling,372100.0,12600000.0
10.0,1674149075121.0,28802236.0,dahan01,Dahan.phuongoanh,1201.0,1994.0
10.0,1674148406239.0,28810105.0,vanpham0719,Van Pham,277700.0,5600000.0
10.0,1674148534111.0,61531861164.0,ngoduyenn,WoNi,392200.0,3900000.0
10.0,1674149062395.0,61808467950.0,9tailsfoxie,FOXIE,1000000.0,46800000.0
10.0,1674148845039.0,61968278510.0,nhuy.ng_,Nguy·ªÖn Nh∆∞ √ù,7890.0,56400.0
10.0,1674148374938.0,62030619701.0,vixu.official,ùì•ùì≤ ùìßùìæ üåπ,1500000.0,19600000.0
10.0,1674149083359.0,62266267837.0,jnaofficialll,Jna official,69800.0,298600.0
10.0,1674148780104.0,62962882845.0,tra.dang.904,‚òòÔ∏èTr√† ƒê·∫∑ng‚òòÔ∏è,19700000.0,430200000.0
10.0,1674149773763.0,63164773587.0,meily_mia,Meily miaüåπü•Ä,1000000.0,8200000.0
10.0,1674148717796.0,63725449758.0,linhmieu.51,Linh Mi√™u,59500.0,262000.0
10.0,1674148894137.0,63745681027.0,reencyngo,Reency Ng√¥,11000000.0,239400000.0
10.0,1674148775918.0,63782201834.0,_mayy.01,maymaylovesbobateaüßã,302100.0,5800000.0
10.0,1674149098567.0,63879339033.0,pitrancy1,Pitr√©nc√¨ ü¶¶,414400.0,7100000.0
10.0,1674149010808.0,63893737262.0,hoa_2309,Ng√¥ Ng·ªçc Ho√†ü¶Ñ,12900000.0,183500000.0
10.0,1674149185865.0,63894768652.0,nruburn,Burn,146600.0,2800000.0
10.0,1674148539473.0,64143475594.0,yinyin.official,Yin Yin,2400000.0,35900000.0
10.0,1674148560516.0,64157232016.0,phanhh.babe,Phanhhh üí´,42800.0,554800.0
10.0,1674149580141.0,64381727688.0,thaonarii,Th·∫£o Nari  üéÄ,1500000.0,13600000.0
10.0,1674150621255.0,64619218186.0,mintuuu_,mintu no haha,155500.0,1400000.0
10.0,1674148535185.0,64874514687.0,tyle1994,Ty L√™,4000000.0,94000000.0
10.0,1674149139674.0,64904573317.0,vanmii1,Tr·∫ßn Thu·ª≥ V√¢n,1000000.0,14500000.0
10.0,1674148602714.0,65148843764.0,iam.zziinn,IAM ZIN,30300.0,317100.0
10.0,1674149202568.0,65234986311.0,emyhaiyen,Phan H·∫£i Y·∫øn,5255.0,18900.0
10.0,1674148524523.0,65253504699.0,zicky.lee,Zicky Lee ü´¶,570400.0,7600000.0
10.0,1674148600666.0,65304047845.0,_thuyb,__thuyb,588200.0,5100000.0
10.0,1674148706046.0,65331709578.0,rubi0207,RubiüëÑ,59500.0,900500.0
10.0,1674149206107.0,65441124772.0,_linhhkaa_,Linh Ka,2800000.0,28100000.0
10.0,1674149070846.0,65480009278.0,ngoc.thao.810,üçÄNg·ªçc Th·∫£oüçÄ,740500.0,7200000.0
10.0,1674148854611.0,65582028452.0,tayyuna.345,ùôè √Çùôî  ùó¨ùó®ùó°ùóî,97900.0,1000000.0
10.0,1674148717866.0,65619913589.0,chutprincess,Ig : chutprincess,166300.0,3300000.0
10.0,1674149300670.0,65726233604.0,vietphuongthoa98,Vi·ªát Ph∆∞∆°ng Thoa,12300000.0,487300000.0
10.0,1674148518489.0,65736332690.0,yen.hoang_,Ho√†ng Y·∫øn Official ‚ú®,1100000.0,19400000.0
10.0,1674148610438.0,65742394538.0,myka_makeupartist,MYKA MAKEUP ARTIST,37500.0,92100.0
10.0,1674148915201.0,65765697718.0,phamthiminhtran.naau,Ph·∫°m Th·ªã Minh Tr√¢n üçì,934600.0,21500000.0
10.0,1674149531617.0,65932495072.0,minayoungg,Kh√¥ng ph·∫£i Mina Young ‚òùüèª,1100000.0,8500000.0
10.0,1674149035586.0,66293240706.0,myha2266,My H√†,25800.0,364800.0
10.0,1674148535539.0,66300399031.0,tramdo.98,Tr√¢m ƒê√¥,5800000.0,81100000.0
10.0,1674148756948.0,66366184634.0,hoaiann__,An Japan,11500.0,115700.0
10.0,1674149205382.0,66411505124.0,tramemm,Tr√¢m Anh,50200.0,552900.0
10.0,1674148605405.0,66442071152.0,baomyme,B·∫£o My - Doris,672000.0,6600000.0
10.0,1674151586544.0,66462263877.0,hyan147,Hy An,31100.0,183200.0
10.0,1674149177193.0,66496364798.0,hwitch99,H∆∞∆°ng Witch,952400.0,15500000.0
10.0,1674148832258.0,66847480735.0,b0orjn,Tr·∫ßn Ng·ªçc C√°t Ph∆∞∆°ng,135300.0,699600.0
10.0,1674148626391.0,66854139375.0,cciinnn,CiiN,9300000.0,234400000.0
10.0,1674148695547.0,66873366229.0,dracumeow,Lan Vy,40800.0,731300.0
10.0,1674148953174.0,67143980548.0,dquynh200,Ph·∫°m Th·ªã Di·ªÖm Qu·ª≥nh,892700.0,11200000.0
10.0,1674148522634.0,67284262023.0,zaheun,N.ZaHanüáªüá≥,8600000.0,181100000.0
10.0,1674149180511.0,67293966297.0,tieumyy93,Ti·ªÉuMyy,1400000.0,16600000.0
10.0,1674148619464.0,67489303530.0,lethikhanhhuyen2004,L√™ Th·ªã Kh√°nh Huy·ªÅn,7600000.0,119200000.0
10.0,1674149225337.0,67563924000.0,linhbarbie,‚ú® Linh Barbie ‚ú®,18700000.0,319300000.0
10.0,1674148669420.0,67726488505.0,donhatha.official,ƒê·ªó Nh·∫≠t H√†,133600.0,1300000.0
10.0,1674149876006.0,67858566139.0,baona_0801,Na Na T r·∫ßn ü§åüèª,1300000.0,16900000.0
10.0,1674149033891.0,67867893450.0,thieulan.cameo,Thi·∫øu Lan ü¶ã,1980.0,8768.0
10.0,1674149160606.0,68037731952.0,whynotchaooo,Chao,1700000.0,37100000.0
10.0,1674149182640.0,68038627045.0,bui_anh,B√πi Anh,14600.0,53800.0
10.0,1674149949921.0,68346924853.0,__trang_linh___,Nguy·ªÖn Nam Trang Linh,107200.0,913000.0
10.0,1674149619358.0,68369192487.0,hoangthachthao_,Ho√†ng Th·∫°ch Th·∫£o,10300.0,46200.0
10.0,1674148648574.0,68380243786.0,dundundiary,Nguy·ªÖn Ph∆∞∆°ng Dung,729900.0,9400000.0
10.0,1674149696333.0,68619224391.0,melyang21,Mel TV,401600.0,6200000.0
10.0,1674149323233.0,68748567656.0,du_uyen,Du Uy√™nüíã,503500.0,5700000.0
10.0,1674148611453.0,70637224245.0,mindi99,Tr·∫ßn Di·ªÖm My,2000000.0,42100000.0
10.0,1674149130413.0,70940361436.0,mintuyenn,ùôºùöíùöóùöë ùöÉùöûùö¢ùöéÃÇÃÄùöó ‚ú®,131200.0,1000000.0
10.0,1674148981663.0,70966482126.0,remmus.official,Remmus.official,146500.0,1200000.0
10.0,1674149852986.0,71235893199.0,hangbb_,hangbb_,110500.0,1500000.0
10.0,1674148457420.0,71403405471.0,truongquynhanh1201,Tr∆∞∆°ng Qu·ª≥nh Anh,1400000.0,13000000.0
10.0,1674148985318.0,71415515620.0,bong2502,B·ªëng üíã,1300000.0,16000000.0
10.0,1674149116977.0,71960085162.0,bannipham,Banni,105600.0,769700.0
10.0,1674148451112.0,72075845734.0,vienvibi_899,Vi√™n Vibi,8400000.0,328600000.0
10.0,1674148673806.0,74757505700.0,hoamoclam,Hoa M·ªôc L√¢m,100200.0,507300.0
10.0,1674148628677.0,74760178481.0,quynhhani0610,QuynhHani,592500.0,4000000.0
10.0,1674149263353.0,75255205890.0,an_nyo,An Nyo,320500.0,2000000.0
10.0,1674149365070.0,75818766153.0,cheapyvn,Cheapy Store,30900.0,151400.0
10.0,1674148717457.0,76563421809.0,bap.ohsusu,Ohsusu (Official),724100.0,4000000.0
10.0,1674148494677.0,77836078569.0,thichanbun,Thichanbun,22300.0,159100.0
10.0,1674148522440.0,77976797743.0,lamnhineeee,LamNhidangiu,37400.0,250500.0
10.0,1674148500951.0,81296615772.0,tramanhhh.lt,L√™ Th·ªã Tr√¢m Anh,90300.0,653500.0
10.0,1674148876015.0,83720721913.0,dokhanhvan,ƒê·ªó Kh√°nh V√¢n,1300000.0,12400000.0
10.0,1674148501309.0,5.871625295681536e+16,vahshyy,Vahsh.y,25500.0,359600.0
10.0,1674148951406.0,6.486827058699469e+16,eugenie.ng,‚ú®XU√ÇNüåü,48100.0,157900.0
10.0,1674149073931.0,7.425426486002074e+16,han.hang18,H√†n H·∫±ng,272300.0,3700000.0
10.0,1674148677441.0,7.42777747686359e+16,18mmofficial,18mmStudio,6507.0,4299.0
10.0,1674148972766.0,7.5978550238933e+16,mtram35,Tr·∫ßn M·ªπ Tr√¢m,38500.0,503500.0
10.0,1674148458147.0,7.826632707264512e+16,thanha.buii,Bui Thanh Ha,104700.0,2900000.0
10.0,1674149698160.0,8.148126641122509e+16,jenny.huynh._,jenny huynh,4400000.0,106800000.0
10.0,1674148883923.0,8.157995619917414e+16,sunihalinh69,Suni Ha Linh,334500.0,1300000.0
10.0,1674149223093.0,8.87024164637614e+16,hoajulyy,Hoa July,17200.0,144400.0
10.0,1674148692913.0,9.042470631868826e+16,builinhchiii,Bui Linh Chi,35200.0,554800.0
10.0,1674148435243.0,9.077682373047091e+16,vitammyn_133,ùëªùíÇùíéùíéùíö üê∞,584600.0,9400000.0
10.0,1674149291827.0,9.484977042634342e+16,shuuuu1710,Ho√†ng Gia H√¢n,158400.0,1600000.0
10.0,1674148604858.0,9.531440138939597e+16,mita.boutique,MITA DAILY,42100.0,208500.0
10.0,1674148921009.0,9.818975803137638e+16,baothytran,Bao Thy Tran,557700.0,4500000.0
10.0,1674149008474.0,1.0773458722039808e+17,ngtran_huyenmy,Nguyen Tran Huyen My,274200.0,1800000.0
10.0,1674148549254.0,1.1107556603581645e+17,nguyennewin,nguyen newin,135600.0,2900000.0
10.0,1674148982113.0,1.1956701495157146e+17,jethpoco,Jeth Poco,96600.0,2500000.0
10.0,1674148563843.0,1.2105776522511155e+17,kimboopham,KimBoo Ph·∫°m,40700.0,501100.0
10.0,1674148711119.0,1.2827170409474048e+17,antretrau,üçíAnna Matviichuküçí,2800000.0,48800000.0
10.0,1674148577513.0,1.4058584489301197e+17,hwajang.13,HWAJANG,34300.0,155700.0
10.0,1674149415665.0,1.600595890723717e+17,freakyann99,Diana Truong,73300.0,1600000.0
10.0,1674148990562.0,1.6637360343157146e+17,diep.lez,‚úß Di·ªáp L√™ ‚úß,464000.0,9600000.0
10.0,1674148647285.0,2.0064584262465536e+17,sullinguyen_,ùë∫ùíñùíçùíçùíä,54300.0,181000.0
10.0,1674150522375.0,2.33368310271189e+17,_anhdun,üéÄ√Ånh D∆∞∆°ngüéÄ,815100.0,19500000.0
10.0,1674148825270.0,2.3480956094583194e+17,tranmyuyen2912,Tr·∫ßn M·ªπ Uy√™n,337200.0,3100000.0
10.0,1674148613802.0,2.8217999284585677e+17,katleenphanvo,Katleen Phan Vo,53700.0,357300.0
10.0,1674149463533.0,6.504049572846174e+18,tamxiu,T√¢m X√≠u,31100.0,164500.0
10.0,1674149332310.0,6.506239698251497e+18,huonglulii,Lulii,484000.0,5500000.0
10.0,1674148513021.0,6.507925317305582e+18,pphmy,Tr·∫ßn Huy·ªÅn,19200.0,326900.0
10.0,1674149314407.0,6.510015174786613e+18,my_vanh,V√¢n Ch√≤e,2100000.0,55600000.0
10.0,1674148583531.0,6.510186672319365e+18,sunht2309,Sun Ht,36800.0,289800.0
10.0,1674148520068.0,6.510396527138292e+18,nabee.cutie,Nabee,379500.0,2300000.0
10.0,1674148610839.0,6.511520126600757e+18,badbie.official,Badbie,1000000.0,23700000.0
10.0,1674148448073.0,6.513582700099994e+18,only_meo,Nguy·ªÖn Ph∆∞∆°ng Trinh,70800.0,405600.0
10.0,1674148599237.0,6.515795366423691e+18,moclan2212,L√Ω M·ªôc Lan (ÊùéÊú® ÂÖ∞),17600.0,189500.0
10.0,1674148936578.0,6.516797872829874e+18,lytuchi,L√Ω T√∫ Chi ü¶ã,16800.0,100200.0
10.0,1674148737559.0,6.516906111487623e+18,emma1010_official,Emma,1200000.0,29700000.0
10.0,1674149227314.0,6.517065379503768e+18,gigihuonggiang,Gigi Huong Giang,74700.0,773200.0
10.0,1674148869180.0,6.517121740014223e+18,hoaminzy_hoadambut,Ho√† Minzy,4600000.0,88200000.0
10.0,1674148563631.0,6.517567350383706e+18,haotho512,H·∫£o Th·ªè üê∞,4800000.0,74200000.0
10.0,1674148566033.0,6.518731930463683e+18,ngochien239,Misa2309,69700.0,2500000.0
10.0,1674148760630.0,6.518738344246084e+18,thaormy,thaormy,32100.0,563300.0
10.0,1674149221353.0,6.518942942970102e+18,hanielam.103,L√¢m √Å H√¢n,143700.0,366400.0
10.0,1674150414128.0,6.520842173457711e+18,chiingaos._,ùñàùñçùñéùñéùñìùñåùñÜùñîùñò üêº,534900.0,17100000.0
10.0,1674149186046.0,6.521202441995928e+18,bidoraemon,Biyeu_,272700.0,2300000.0
10.0,1674149812391.0,6.521224594177737e+18,thim.neee,Ch√™m,200.0,11900.0
10.0,1674148774986.0,6.521936523858969e+18,po.trann77,Tr·∫ßn Thanh T√¢m,3800000.0,93100000.0
10.0,1674148726792.0,6.522696745360556e+18,baotramthieu,Thi·ªÅu B·∫£o Tr√¢m,1600000.0,23400000.0
10.0,1674149255320.0,6.522787925498397e+18,vukieuoanh.95,V≈© Ki·ªÅu Oanh,352200.0,2800000.0
10.0,1674149330879.0,6.523040322674e+18,13nhimsoc,Insta : nhimsoc13,105100.0,1600000.0
10.0,1674149149097.0,6.523137264951411e+18,emmy_nguyen_,Emmy Nguyen,35800.0,184300.0
10.0,1674149245326.0,6.523709057575961e+18,trbwnng,Ng√≤ng Ng·ªçc,287400.0,15100000.0
10.0,1674149120621.0,6.523787211409097e+18,fan_ling1008,Fanling Daily,5882.0,50200.0
10.0,1674148612337.0,6.523839909668094e+18,mcmisthy,Misthy,4600000.0,30500000.0
10.0,1674148973585.0,6.524905371051966e+18,spookybaby.vn,Spookybaby.vn,93.0,144.0
10.0,1674149019349.0,6.525236431077868e+18,linhmato,H√† Th·∫£o Linh,1100000.0,10700000.0
10.0,1674149080435.0,6.525725939618595e+18,chang.mie,ChangMie (Mie),2500000.0,37500000.0
10.0,1674148416713.0,6.526025021487645e+18,uncover_official,Uncover Official,1100000.0,29600000.0
10.0,1674151099181.0,6.526735444897972e+18,tangngoctuyet,TƒÇNG NG·ªåC TUY·∫æT üñ§,423200.0,5900000.0
10.0,1674148612806.0,6.527552795565113e+18,haian1207,H·∫£i An üê§,506100.0,15200000.0
10.0,1674148871761.0,6.528295249411244e+18,dptmino,D∆∞∆°ng Ph∆∞∆°ng Th·∫£o,116600.0,1300000.0
10.0,1674149662339.0,6.529814417814733e+18,gialinhnguyen.6,Gia Linh Nguy·ªÖn,587100.0,6500000.0
10.0,1674149002976.0,6.531554957082231e+18,nguyenlydiemmai,nguyenlydiemmai,112200.0,1400000.0
10.0,1674148685419.0,6.531746186340073e+18,chancloset93,CHAN.CLOSET üí¶üí¶üí¶,4650.0,60700.0
10.0,1674148635104.0,6.532022538975838e+18,annaclothing,ANNA clothing,5554.0,20300.0
10.0,1674148672582.0,6.532061904293069e+18,kartychang,Nguy·ªÖn Th·ªã Th·∫£o Trang,107200.0,1500000.0
10.0,1674148634595.0,6.532766096192537e+18,nguyenminhtranggg,Nguyen Minh Trang,1100000.0,8400000.0
10.0,1674148856714.0,6.537107272794735e+18,caraphuongnguyen,CARA,865900.0,13400000.0
10.0,1674148744574.0,6.538374005581152e+18,nhung.gumiho,Nhung Gumiho,525500.0,5900000.0
10.0,1674149184658.0,6.539003941504877e+18,nhyyng,L√Ω Nguy·ªÖn Nhi,1300000.0,30300000.0
10.0,1674148826878.0,6.539490406550979e+18,honganhh712,H·ªìng √Ånhü§ç,1100000.0,12000000.0
10.0,1674321137750.0,6.539644603301642e+18,phuonganhle.17.09,Ph∆∞∆°ng Anh ‚úÖ,129700.0,683200.0
10.0,1674148603288.0,6.539820923075215e+18,_kaylee_.tr,T∆∞·ªùng Duy,191600.0,3900000.0
10.0,1674148641928.0,6.53988150534552e+18,lizkimcuong1511,Liz Kim C∆∞∆°ng,778900.0,6300000.0
10.0,1674148541672.0,6.540452201638052e+18,hurfstudio,HURFSTUDIO,2482.0,3736.0
10.0,1674148637182.0,6.540626371999629e+18,dongnhi,ƒê√¥ng Nhi,1400000.0,11300000.0
10.0,1674148539226.0,6.541879409543414e+18,vtkh2004,V≈© Th·ªã Kh√°nh Huy·ªÅn,7900000.0,157800000.0
10.0,1674148566101.0,6.541945493626634e+18,dongsuong,ƒê√¥ng S∆∞∆°ngüíã,94100.0,487600.0
10.0,1674148721689.0,6.541975340666569e+18,phi.phuonganh,Ph√≠ Ph∆∞∆°ng Anh,484700.0,5700000.0
10.0,1674148638763.0,6.542379575267492e+18,lnglinggg,Th·ªãt chuaüôà,215400.0,3000000.0
10.0,1674149623657.0,6.542688926627856e+18,futuristix.official,FuturistiX,11200.0,89500.0
10.0,1674148578116.0,6.543822082336424e+18,phamthu.official,Ph·∫°m Th∆∞,195500.0,1500000.0
10.0,1674148682718.0,6.543974018163474e+18,meenaxbae,Meena,1700000.0,12300000.0
10.0,1674148872666.0,6.544669251030286e+18,mikolantrinh,Miko Lan Trinh,387500.0,4000000.0
10.0,1674150990955.0,6.54528348424677e+18,thaohuongssh,Th·∫£o H∆∞∆°ng,2900000.0,126100000.0
10.0,1674148611238.0,6.545425492635288e+18,chaubui,Chau Bui,1600000.0,27100000.0
10.0,1674148666065.0,6.545977233265705e+18,nhatquyhhh,Yiu,489600.0,6600000.0
10.0,1674148593010.0,6.546109336161337e+18,khaofficial.vn,Pages: KHA. Insta: khaofficial,119600.0,732100.0
10.0,1674149369302.0,6.54616516729738e+18,koise.studio,Kois√©.studio,589.0,3228.0
10.0,1674149964694.0,6.546438664821293e+18,hathaohani,H·∫° Th·∫£o Hani,406400.0,3300000.0
10.0,1674148497210.0,6.547223844423041e+18,quyenquibaby.naau,üÖÄüÖÑüÖàüÑ¥üÑΩ üÖÄüÖÑüÑ∏üéÄ,717700.0,11300000.0
10.0,1674148940258.0,6.547464708282532e+18,iammeoangel,M√®o Sao Ho·∫£ üêæ,3800000.0,93800000.0
10.0,1674148661017.0,6.547890013979083e+18,emilyng_official,Ngon V√† Kho·∫ª C√πng Emily,435100.0,3800000.0
10.0,1674148542177.0,6.548672520890941e+18,phuongwgiangg,Ph∆∞∆°ng Giang,131700.0,1200000.0
10.0,1674149125539.0,6.54875686427163e+18,caocaobycaochen,caocaobycaochen,77300.0,601400.0
10.0,1674148603507.0,6.54946081596742e+18,lyxinhnhat,ùôáùôÆùô≠ùôûùô£ùôùùô£ùôùùôñùô©,441200.0,14600000.0
10.0,1674148540417.0,6.549820979589071e+18,lucienguyenlove,Lucie nguyen,362000.0,6000000.0
10.0,1674149058446.0,6.551263933239673e+18,dkmv.vn,DKMV BRAND,76100.0,163600.0
10.0,1674149050805.0,6.551606253411516e+18,dravy13,Dra Vy,113000.0,3300000.0
10.0,1674149246100.0,6.551633467648721e+18,elpisclothing,ELPIS Clothing,10100.0,13500.0
10.0,1674148640981.0,6.552418284649988e+18,lehaanh3108,L√™ H·∫° Anh,719000.0,8800000.0
10.0,1674148444398.0,6.553553032776221e+18,vansat97,Tr·∫ßn V√¢n,1100000.0,15900000.0
10.0,1674149128608.0,6.553968343161881e+18,harrietdesigning,Harriet,401.0,1277.0
10.0,1674149081926.0,6.554775336968798e+18,toonanana,H·ªìng Tuy·∫øt,161100.0,999000.0
10.0,1674149672426.0,6.555292358211961e+18,thaoo_dangg,Th·∫ªo Th·∫ªo,92900.0,1100000.0
10.0,1674148583261.0,6.557885389343621e+18,chipupu,Chi Pu,3200000.0,30400000.0
10.0,1674148567888.0,6.558435075657269e+18,itsphuongly91,It‚Äôs PhuongLy,1278.0,15400.0
10.0,1674149415595.0,6.558806106716586e+18,ivonedieulinh.official,Ivone Di·ªáu Linh,38200.0,560400.0
10.0,1674150073030.0,6.559494745466257e+18,herlyshop,Herlyshop,32500.0,51300.0
10.0,1674148532943.0,6.559755937329086e+18,labellestore,LaBelleStore,68000.0,421000.0
10.0,1674148750312.0,6.559914033465803e+18,myhuyen_channel,M·ªπ Huy·ªÅn Channel,1100000.0,11400000.0
10.0,1674148519748.0,6.560226834758975e+18,nplinhh,Nplinh,98700.0,993100.0
10.0,1674148508463.0,6.560877491433521e+18,tombiheo,Phuong Ha,116400.0,943100.0
10.0,1674148611134.0,6.561272404903313e+18,doha_20.07,ƒê·ªó Th·ªã H√†,729600.0,19400000.0
10.0,1674148719635.0,6.56142109950206e+18,thuylinnvu,Keomeo100lan,2747.0,10100.0
10.0,1674149253711.0,6.562172321993392e+18,rubycharmm,Rubycharmm‚ú®,35500.0,441500.0
10.0,1674148888529.0,6.562313134115406e+18,trangtrang.tran,T r a n g,20100.0,109900.0
10.0,1674148648527.0,6.562735504650256e+18,lebong95,Le bong,9200000.0,211200000.0
10.0,1674148666992.0,6.563226371786211e+18,lcling15,L·ª•c Linh,847100.0,6900000.0
10.0,1674234859870.0,6.564173994161127e+18,regods.club,Regods Club,112500.0,2000000.0
10.0,1674148610022.0,6.564544224196788e+18,mosohali12,Mosohali,2889.0,23100.0
10.0,1674148612651.0,6.565464461354844e+18,nganxumii,Ng√¢n Xumii (review ƒë·ªì body),14900.0,134000.0
10.0,1674149562868.0,6.566414318152892e+18,dzungbiezhcm,Dzung Biez Store HCM,179.0,344.0
10.0,1674149666828.0,6.567967671396041e+18,lingg2809,H√† üíã,4700000.0,145700000.0
10.0,1674149118439.0,6.56833503104231e+18,wyntracyyhihi,Wyn,146100.0,1100000.0
10.0,1674148851065.0,6.570252746858136e+18,chauanh13702,L√™ Ng·ªçc Ch√¢u Anh,209700.0,2600000.0
10.0,1674149127471.0,6.571054052716593e+18,hangtrinh.luna,Luna,686800.0,16800000.0
10.0,1674148823347.0,6.571320387606381e+18,llesuuu,Lesustore,437.0,9163.0
10.0,1674148672230.0,6.572271868308931e+18,jukysan,Juky San,859100.0,10100000.0
10.0,1674149401821.0,6.57244036830172e+18,yaya_truongnhi,Yaya Truong Nhi,561700.0,3800000.0
10.0,1674148967223.0,6.572468278856876e+18,haingannnnnn,Tr·∫ßn H·∫£i Ng√¢n,197600.0,1700000.0
10.0,1674149347958.0,6.572670135864902e+18,im.lyy_,im.lyy_,58300.0,730000.0
10.0,1674149432979.0,6.574657885953933e+18,hoaa.hanassii,ƒê√†o L√™ Ph∆∞∆°ng Hoa,13600000.0,336200000.0
10.0,1674150266746.0,6.575501308337258e+18,anzzuuuuuuuu,D∆∞∆°ng Vi,146500.0,2000000.0
10.0,1674150089176.0,6.575783074323726e+18,khvan19,Kh√°nh V√¢n,1700000.0,37900000.0
10.0,1674148640244.0,6.576202515359678e+18,dzudzudzu206,Duong Tu Anh,44100.0,256400.0
10.0,1674148619543.0,6.57651692354211e+18,ennieph,Em Ennie h∆°i ƒëi·ªáu,175000.0,940000.0
10.0,1674148451711.0,6.576575906994749e+18,vngtam28,ùì∑ùì∞ùì∏ùì¨ ùìΩùì™ÃÇùì∂ ü•¥,393800.0,13000000.0
10.0,1674149112747.0,6.57668363407224e+18,somaly_nguyen,somaly_ng,2346.0,578.0
10.0,1674148512116.0,6.577256925581558e+18,tuyetofficial,TUY·∫æT Official,1200000.0,16400000.0
10.0,1674149103382.0,6.579289054637801e+18,drimwe,DRIM-WE,22.0,110.0
10.0,1674148620060.0,6.579989736419754e+18,djmievn,Dj Mie,7400000.0,117600000.0
10.0,1674149138423.0,6.581435115997676e+18,salimhwg,Sa Lim,241600.0,2400000.0
10.0,1674149019045.0,6.581704663565238e+18,millieduong,‚ô° ùì∂ùì≤ùìµùìµùì≤ùìÆ ‚ô°,5891.0,135200.0
10.0,1674149156178.0,6.582899188715045e+18,kiekhah,miaü§ç,44900.0,448900.0
10.0,1674148860008.0,6.582992927303336e+18,msic.vn,Mom Says I‚Äôm Cool,123800.0,32400.0
10.0,1674148572538.0,6.586489593356747e+18,thuykieu_2802,Th√∫y Ki·ªÅu,1900000.0,22300000.0
10.0,1674148832570.0,6.58736973768781e+18,mei.mei.19,Mei.Mei_,1028.0,23900.0
10.0,1674148664727.0,6.589915654500155e+18,mcthanhthanhhuyen,MC Thanh Thanh Huy·ªÅn,729100.0,16700000.0
10.0,1674148686144.0,6.59022105601853e+18,tranghy.1603,tranghy.1603,1200000.0,7700000.0
10.0,1674148427276.0,6.591379314310316e+18,yoona.fandc,Yoona F&C,92400.0,974600.0
10.0,1674148883759.0,6.592475001760481e+18,khanhdol,Ngan Khanh,62500.0,158100.0
10.0,1674148602635.0,6.595874043294974e+18,phuonglytran,Ph∆∞∆°ng Ly Tr·∫ßn,733300.0,7100000.0
10.0,1674148584346.0,6.597527643603632e+18,midu_official,Midu ,1700000.0,11100000.0
10.0,1674148589973.0,6.598729897500377e+18,huonggiangofficial,H∆Ø∆†NG GIANG,3300000.0,50700000.0
10.0,1674148547661.0,6.599104711944978e+18,nguyenhuongly.official,Nguy·ªÖn H∆∞∆°ng Ly,4400000.0,48500000.0
10.0,1674148656505.0,6.599891741452435e+18,truoghoagmaianh,Tr∆∞∆°ng Ho√†ng Mai Anh,161300.0,1300000.0
10.0,1674148700688.0,6.600634246393823e+18,hathu.official,H√Ä THU,475100.0,5200000.0
10.0,1674148550573.0,6.600690235620901e+18,hong_leee,üçì H·ªìng L√™ üçì,1400000.0,20300000.0
10.0,1674149259841.0,6.600776334510146e+18,dhoa133,Karlie üíñ,514.0,7550.0
10.0,1674236373491.0,6.602945776003219e+18,chau.kim.sang,Chau Kim Sang,25400.0,339100.0
10.0,1674148909515.0,6.603126953161736e+18,thuydiary,Thuy Anh,3283.0,112200.0
10.0,1674148794533.0,6.60356178877037e+18,thuxbao_,TH∆Ø PAO üêª,578100.0,17200000.0
10.0,1674148745844.0,6.603892546077131e+18,chanreen_mise,Chanreen.mise,547.0,337.0
10.0,1674148648910.0,6.604030770477777e+18,liuuuliuu,Liuuuliuu,182100.0,1700000.0
10.0,1674148614850.0,6.604338143897584e+18,annetran020202,Mary-Anne Tran,29500.0,189000.0
10.0,1674149523541.0,6.604350649923305e+18,quanhbunny,Nguy·ªÖn Ng·ªçc Qu·∫ø Anh,108000.0,977200.0
10.0,1674148602018.0,6.606598425586942e+18,ruchandesign,Ruchandesign,3119.0,20800.0
10.0,1674149690601.0,6.606910073226166e+18,ameemee_m,AMEE,1700000.0,12200000.0
10.0,1674151120004.0,6.609170616770789e+18,gamkami,G·∫•m Kami,9800000.0,178800000.0
10.0,1674148849534.0,6.609863273024864e+18,hahongduyen,H·∫° H·ªìng Duy√™n,22700.0,194400.0
10.0,1674148738239.0,6.610255069647176e+18,pukadv,Puka,2000000.0,13500000.0
10.0,1674150074168.0,6.61151685053712e+18,dieunhiofficial,Di·ªáu Nhi,2800000.0,28400000.0
10.0,1674149229432.0,6.612464972659524e+18,thocahouse,THOCAHOUSE,142100.0,1700000.0
10.0,1674148570871.0,6.612495491697738e+18,phuongha96_,Ph∆∞∆°ng H√†,62100.0,541500.0
10.0,1674148571360.0,6.613612575941149e+18,ngolanhuong04,Ng√¥ Lan H∆∞∆°ng,732800.0,11000000.0
10.0,1674150515726.0,6.613988756636828e+18,anvy.official,An Vy Official,696300.0,4600000.0
10.0,1674148605886.0,6.615587077970395e+18,ngoc_kara90,Ng·ªçc Kara,251300.0,2200000.0
10.0,1674149058042.0,6.617276198220677e+18,nguyenlevi,ùó©üíï,65800.0,454900.0
10.0,1674148674405.0,6.617670408237089e+18,daongoctran,ƒê√†o Ng·ªçc Tr√¢n,54600.0,149000.0
10.0,1674148644896.0,6.619895630926627e+18,_mia.ngn,Mia Nguyen ‚úÖ,130500.0,2900000.0
10.0,1674148853434.0,6.623919425069367e+18,donganhquynhh,Dong Anh Quynh,180900.0,1900000.0
10.0,1674149085398.0,6.624362981134909e+18,junvu.official,JUNVU,527000.0,4100000.0
10.0,1674148611342.0,6.624402514270978e+18,khanhvanofficial,KhanhVanOfficial,1600000.0,40500000.0
10.0,1674149036289.0,6.624411365946671e+18,dramakinglndx,Linh Ng·ªçc ƒê√†m,5700000.0,114400000.0
10.0,1674148614088.0,6.625058993993908e+18,caliestore,CALIE Store,119.0,1101.0
10.0,1674148558693.0,6.625891573870002e+18,ilikeboutique,I.Like.Boutique,85.0,491.0
10.0,1674149244713.0,6.631755606493528e+18,buibichphuongofficial,B√≠ch Ph∆∞∆°ng,1100000.0,5100000.0
10.0,1674148724144.0,6.632280050790236e+18,maxyworkshop,MaxyWorkshop,1224.0,2028.0
10.0,1674235512453.0,6.632647583821251e+18,moxyshop,MOXY,155900.0,1500000.0
10.0,1674148688858.0,6.635788634045334e+18,vu.thanh.van,V≈© Thanh V√¢n,68800.0,980200.0
10.0,1674149221751.0,6.63623363800975e+18,kaityofficial,Kaity Nguyen,617400.0,3600000.0
10.0,1674149801223.0,6.636584783425274e+18,zixinhdep,Zika_hilaüßöüèø‚Äç‚ôÄÔ∏è,2300000.0,58600000.0
10.0,1674148672989.0,6.637313018068992e+18,nghonghanh41,H·∫°nh Nguy·ªÖn H·ªìng,281100.0,5200000.0
10.0,1674148456318.0,6.637448521527099e+18,thanhtranofficial,Thanh Tr·∫ßn,1600000.0,34000000.0
10.0,1674148631063.0,6.638846978770305e+18,etro.gang,Etro.Gang,3585.0,16100.0
10.0,1674148988299.0,6.639170401020101e+18,cocosin.official,COCOSIN,28300.0,241800.0
10.0,1674148505309.0,6.639565261400687e+18,xesi_official,XESI,450100.0,4600000.0
10.0,1674148610016.0,6.640439948980257e+18,t.2204,ùïøùñöùñìùñéùñé th√≠ch c∆∞·ªùi ü•¨,613300.0,10700000.0
10.0,1674149346381.0,6.641517502143791e+18,noo_store.vn,NooStore,1835.0,3457.0
10.0,1674148761310.0,6.642252524895519e+18,lilly.luta,Lilly Luta,986500.0,5300000.0
10.0,1674148882470.0,6.642721071206908e+18,xxme.vn,XXME OFFICIAL,13300.0,139600.0
10.0,1674148974828.0,6.644036653756678e+18,slyclothing.vn,SLY,40300.0,182600.0
10.0,1674148428614.0,6.644427015146734e+18,trangnhenhang910,Trang Nh·∫π Nh√†ng,18400.0,140800.0
10.0,1674148628895.0,6.647692788815299e+18,ribisachi36,Ribi Sachi,1300000.0,6500000.0
10.0,1674148997108.0,6.647697094742917e+18,quincquynhchau,Ch·∫ø Ng Qu·ª≥nh Ch√¢u,201900.0,2800000.0
10.0,1674148597949.0,6.647710822960038e+18,nhilay1size,@Nhi L·∫ßy üé≠,2900000.0,53300000.0
10.0,1674148401735.0,6.651002854004441e+18,vivianhoang209,V√ï HO√ÄNG Y·∫æN,2300000.0,42200000.0
10.0,1674148623449.0,6.65103003444029e+18,rubynguyen.14,üî± Ruby Nguy·ªÖn üî±,121800.0,1000000.0
10.0,1674149347104.0,6.65226586234608e+18,freedyhomeweardesign,Freedy Homewear,622.0,1933.0
10.0,1674149139066.0,6.652573664275644e+18,hennieofficial,Hen Nie,1300000.0,18100000.0
10.0,1674148670900.0,6.654163945791095e+18,charme_store,Charme Store,83700.0,508900.0
10.0,1674149729817.0,6.655162567373783e+18,bau.krysie,Bau Krysie,430200.0,4900000.0
10.0,1674148895362.0,6.656222983063618e+18,25mihustore,25Mihustore,960.0,12500.0
10.0,1674148525305.0,6.66048173875603e+18,palette.accessories,Ti·ªám trang s·ª©c PALETTE,3.0,37.0
10.0,1674149805885.0,6.662550243537781e+18,phuonglinhvo97,Plinhhhhh,18300.0,71900.0
10.0,1674148960832.0,6.663681524661223e+18,missxushop,missxushop,63.0,49.0
10.0,1674149918701.0,6.664493132808454e+18,zinniaboutique,Zinniaboutique,162.0,81.0
10.0,1674148916445.0,6.665189267650298e+18,sheshoes.vn,Gi√†y c∆∞·ªõi SHE SHOES,10000.0,15600.0
10.0,1674148760572.0,6.666987129287295e+18,fm.com.vn,FM STYLE,15900.0,63600.0
10.0,1674234823891.0,6.667364594166055e+18,jitee.store,jitee.store,56.0,164.0
10.0,1674148537215.0,6.667758872772624e+18,lyrashop,LYRA SHOP,57900.0,459400.0
10.0,1674148742764.0,6.66812167034513e+18,moe1m77,Mo√® 1m77,398600.0,3400000.0
10.0,1674148528421.0,6.66901605843714e+18,xuannnmai,maii,943400.0,8000000.0
10.0,1674150505826.0,6.670317557235319e+18,mixmix.vn,Mixmix,91.0,133.0
10.0,1674148593645.0,6.670791169163166e+18,hana.mynhan,Tr∆∞∆°ng M·ªπ Nh√¢n,349500.0,6100000.0
10.0,1674148923113.0,6.671811309007143e+18,bychloenguyen,Chloe Nguyen,109900.0,1100000.0
10.0,1674149465004.0,6.672323812644341e+18,jiin.store_,jiin.store_,116000.0,1100000.0
10.0,1674148688893.0,6.674760059547944e+18,dieuanh.mocdang,ùêåùêéùêÇ ùêÉùêÄùêçùêÜ,154100.0,1900000.0
10.0,1674149202923.0,6.676362501506663e+18,myanstore,MYAN,35600.0,115100.0
10.0,1674149422085.0,6.677759075793028e+18,nguyenyunie97,Nguy√™n Yunie üßÄ,21900.0,68400.0
10.0,1674148447791.0,6.677811008981075e+18,upzstore,UPZ,7719.0,16200.0
10.0,1674151080776.0,6.678607781304403e+18,tieu_hy26,Ti·ªÉu H√Ω,2800000.0,39400000.0
10.0,1674148488026.0,6.681204312762435e+18,qunhlem,‚úØ‚ô° sody ‚ô°‚úØ,4526.0,163800.0
10.0,1674149165018.0,6.68195346555057e+18,oia.studios,oia.studios,35100.0,249500.0
10.0,1674149080231.0,6.685203469920339e+18,byjolievn,Byjolie,2546.0,54000.0
10.0,1674148880701.0,6.687157653234796e+18,azeyyyyyy_,G√°i m·∫∑t cƒÉng üßçüèª‚Äç‚ôÄÔ∏è,175500.0,3100000.0
10.0,1674148916646.0,6.690842128090875e+18,mayboutique,May Boutique,44200.0,362400.0
10.0,1674148606429.0,6.692337876891862e+18,degrey.vn,CH√ö C√Å,76200.0,474300.0
10.0,1674148709882.0,6.693072235236591e+18,thienthysaint98,‚ô° Thi√™n Thy Saint ‚ô°,324200.0,3300000.0
10.0,1674149121274.0,6.693742723663332e+18,shevietnam.vn,Shevietnam,216.0,1939.0
10.0,1674148719268.0,6.694995638465529e+18,_lotusnie,lotusnie,16500.0,170800.0
10.0,1674149263636.0,6.695242841054823e+18,titishop.vn,Titishop.vn,1481.0,16300.0
10.0,1674148707917.0,6.695684187938211e+18,lienhuong212,Nguy·ªÖn H∆∞∆°ng Li√™n,474700.0,10300000.0
10.0,1674149013210.0,6.695709463427892e+18,hienanh_99_,Hi·ªÅn Anh üëª,1000000.0,12000000.0
10.0,1674148517738.0,6.695907682526512e+18,miemyii,H√† My ( Miemyi ),159800.0,1900000.0
10.0,1674148722063.0,6.696091230831396e+18,touyn.tomie,t√¥ m√¨ xiaom√¨,6320.0,174500.0
10.0,1674149159802.0,6.697189656063428e+18,kengx3,Kengx3,200.0,1212.0
10.0,1674150457243.0,6.698974684391785e+18,1oak.club,1oak.club,8286.0,83700.0
10.0,1674148619943.0,6.699249775030126e+18,dongthy_1010,ƒê√¥ng Thy,236000.0,4400000.0
10.0,1674148584562.0,6.699602903844406e+18,iamgauzoan,iamgauzoan,3548.0,12200.0
10.0,1674149517805.0,6.699721648319399e+18,khanhngoc_99_,Kh√°nh ng·ªçc,353500.0,3900000.0
10.0,1674149578451.0,6.69983860962291e+18,tifdowny,TIF DOWNY üê±üíã,101500.0,3400000.0
10.0,1674148564378.0,6.700814253240288e+18,hynkahen,Hen ‚ú®,4975.0,99700.0
10.0,1674150264076.0,6.706076093612328e+18,coccachshop,COCCACH ‚Ä¢ STREETWEAR,11000.0,101400.0
10.0,1674148877675.0,6.706896838223922e+18,vunhatlinh_,V≈© Nh·∫≠t Linh ‚òòÔ∏è,124300.0,1400000.0
10.0,1674148542358.0,6.708917502951523e+18,plastic.worldwide,Plastic World Wide,2665.0,13700.0
10.0,1674148870079.0,6.70925459067465e+18,teeholic.sg,GIA ƒê√åNH THS,74600.0,1300000.0
10.0,1674150269732.0,6.70933305375885e+18,enhhu25,enhhu,9957.0,33400.0
10.0,1674148618017.0,6.71051089744398e+18,nguyencaokyduyen1311,Nguyen Cao Ky Duyen,934900.0,14600000.0
10.0,1674235142537.0,6.710512305132455e+18,minhtrieu2204,Pham Dinh Minh Trieu,89700.0,1500000.0
10.0,1674149770670.0,6.710624816975644e+18,baokhuyensusan,B·∫£o Khuy√™n,662400.0,13100000.0
10.0,1674148591777.0,6.711521386357917e+18,bloomode,bloomode,3903.0,38200.0
10.0,1674148666263.0,6.712475705559647e+18,_minghang,Minghang,217.0,401.0
10.0,1674148555826.0,6.712841377850869e+18,missoutclo,MISSOUT CLO,83200.0,719200.0
10.0,1674150043047.0,6.713017681908286e+18,dodo18_home,DODO18 HOME,118.0,591.0
10.0,1674148529363.0,6.714142203256751e+18,meichan02,meichannnnn,236900.0,4200000.0
10.0,1674148741792.0,6.715390896903816e+18,dalla.saigon,Dalla Saigon,5867.0,33400.0
10.0,1674149119696.0,6.71607046539002e+18,heradg.fashion,HeraDG Fashion‚úÖ,364.0,3151.0
10.0,1674148869538.0,6.716858560317392e+18,hienhoofficial,Hi·ªÅn H·ªì,1800000.0,13200000.0
10.0,1674148872254.0,6.718203990163441e+18,vokieuvansinger,V√ï KI·ªÄU V√ÇN,471300.0,3700000.0
10.0,1674148721014.0,6.718409524258653e+18,nhikaty.0801,Nhi Katy,460700.0,4100000.0
10.0,1674148847404.0,6.718709083198834e+18,realnavna,Lena  üé∂‚ú®,615600.0,8400000.0
10.0,1674148995663.0,6.718723469230491e+18,baoni_8104,Ni ni n√® üëâüèªüëàüèªTwinsüëØ‚Äç‚ôÄÔ∏è,355300.0,4700000.0
10.0,1674148601828.0,6.719012899891611e+18,nhanthupham,Nhan Thu Pham,87.0,332.0
10.0,1674148619304.0,6.719793925757175e+18,ngocthanhtamofficial,Ng·ªçc Thanh T√¢m,739600.0,12800000.0
10.0,1674148520503.0,6.720136503925147e+18,shebyshj,She by Shj ,5508.0,16700.0
10.0,1674149474960.0,6.720145994607543e+18,namem.official,Nguy·ªÖn L·ªá Nam Em,550400.0,6400000.0
10.0,1674148842082.0,6.721733414204147e+18,vyphamofficial,Vy Pham,1200000.0,14200000.0
10.0,1674149133995.0,6.72574182394133e+18,gabong1504,Ph·∫°m Thanh Huy·ªÅn,4186.0,14100.0
10.0,1674148653005.0,6.726464979942213e+18,minanguyenxx,Mina nguyen,6227.0,19800.0
10.0,1674148744130.0,6.72670953059025e+18,errorist.ltd,errorist.ltd,9836.0,177800.0
10.0,1674148685061.0,6.726855381337196e+18,rimmydesign,Rimmy_Ch·ª•p·∫£nh_kh√¥ngkh√≥,564.0,9037.0
10.0,1674148564133.0,6.726908664652056e+18,mignonne.inc,mignonne,28500.0,463500.0
10.0,1674148499801.0,6.727846996424164e+18,lienanhng,Lien Anh Nguyen,3154.0,24900.0
10.0,1674149032378.0,6.727942068796753e+18,lynhci,Cugaiquemuakhongbittrendlagi,42900.0,453100.0
10.0,1674148723370.0,6.728622934384346e+18,kiwikimquy,Kiwi Kim Qu√Ω,1800000.0,35800000.0
10.0,1674149995574.0,6.730850346107176e+18,hanhchipp97,H·∫°nh Tr·∫ßn,46000.0,562500.0
10.0,1674148592460.0,6.730864700165178e+18,william.boutique,William Boutique,58.0,86.0
10.0,1674148686803.0,6.731739710874895e+18,thelstudios,THE L STUDIOS,4878.0,34800.0
10.0,1674148624019.0,6.732158802831312e+18,marvinle.official,Marvin Le,98.0,1191.0
10.0,1674148874197.0,6.733090370782348e+18,anhabiii,√Ånh Abi,223500.0,5900000.0
10.0,1674149048105.0,6.735397839646672e+18,dinhtrangthao03,ƒêinh Trang Th·∫£o,7700000.0,260200000.0
10.0,1674149076638.0,6.735478632040924e+18,bama.bag,BAMA BAG,12600.0,13400.0
10.0,1674150238756.0,6.736351595271865e+18,forher.store,ForHer Store,381.0,1364.0
10.0,1674148419528.0,6.740170712085448e+18,sovintage.vn,S√≤ Vintage,5004.0,469.0
10.0,1674234806593.0,6.74057645891589e+18,j.uuuuudy,JUDY,33300.0,1500000.0
10.0,1674148580050.0,6.740882145495811e+18,hongocha2511,H·ªì Ng·ªçc H√†,931700.0,6700000.0
10.0,1674149392250.0,6.741042963801327e+18,rachstore,R√ÅCH STORE,217200.0,3900000.0
10.0,1674149276817.0,6.741287882075506e+18,nha.lem,PHAN LEM (IG : _lem141),309900.0,5700000.0
10.0,1674150241529.0,6.741548719177139e+18,nguyenminhha_,Nguy·ªÖn Minh H√†,120600.0,1400000.0
10.0,1674148620224.0,6.743522293967242e+18,hamyyng,H√†Myyüê∞,154100.0,2800000.0
10.0,1674149207968.0,6.744681540078814e+18,maithihue0810,‚öîÔ∏èüî• M√≠t üî•‚öîÔ∏è,797500.0,15700000.0
10.0,1674148587819.0,6.744949664417613e+18,highclub.vn,Highclub.vn,226400.0,8000000.0
10.0,1674148893796.0,6.745304190421255e+18,aither.studio,Aither Studio,26600.0,23300.0
10.0,1674150085073.0,6.746197522752325e+18,mayberoom_official,Mayberoom,742.0,965.0
10.0,1674148511226.0,6.749078672898835e+18,ribbon.workshop,Ribbon,901.0,1298.0
10.0,1674149250132.0,6.750098982527993e+18,loviiecorner.shoes,Loviie Corner,241700.0,1700000.0
10.0,1674148701278.0,6.750829300357268e+18,decoco.accessories,Ti·ªám Trang S·ª©c De Coco,220400.0,2800000.0
10.0,1674148723765.0,6.753585441474315e+18,271204.v,CemchiseeüßÅ,301900.0,4400000.0
10.0,1674148483503.0,6.753941907645351e+18,lyliiok,Ly Lii,8679.0,362400.0
10.0,1674149317519.0,6.755104982011299e+18,chodole,Chodole,16200.0,53600.0
10.0,1674149506873.0,6.755716648667874e+18,minhhang2206,Minh H·∫±ng,1000000.0,6400000.0
10.0,1674148533625.0,6.75585673056071e+18,vylaii97,T∆∞·ªùng Vi,315200.0,4600000.0
10.0,1674148538821.0,6.756085445091067e+18,nguyenxuanbaohan,Baohanhan,34900.0,473800.0
10.0,1674148629610.0,6.757924577055671e+18,adriedrose104,trangtran,58800.0,744000.0
10.0,1674148856166.0,6.75809453367999e+18,hamystoree.vn,Hamy xin ch√†o,431.0,769.0
10.0,1674148541946.0,6.758262358420112e+18,usthebasic,USTHEBASIC,274.0,148.0
10.0,1674148605605.0,6.759583898723075e+18,wiwinguyen,WIWI,310.0,3790.0
10.0,1674148813609.0,6.760225433592284e+18,thuthuy.official,Ca sƒ© Thu Thu·ª∑ Official,345300.0,2700000.0
10.0,1674149072719.0,6.760245340324546e+18,nene_clothing,Nene Clothing,2936.0,12000.0
10.0,1674149361741.0,6.760578109860283e+18,phanhlee.90,Ph∆∞∆°ng Anh L√™,88700.0,322800.0
10.0,1674148534113.0,6.760911173707564e+18,laminapparel,laminapparel,11700.0,55700.0
10.0,1674150248665.0,6.763922884793943e+18,leohomepage,LEO's clothing,2633.0,593.0
10.0,1674148726045.0,6.763922885398578e+18,myminion3,M·ªπ M·ªπ,3922.0,14900.0
10.0,1674150086145.0,6.765568932226663e+18,vyhoang._,Vy Ho√†ng,11200.0,240100.0
10.0,1674148464374.0,6.766241091589391e+18,tu_nini1986,tu_nini1986,34700.0,433400.0
10.0,1674148574749.0,6.767276472761484e+18,hongnhung020997,H·ªìng Nhung Tr·∫ßn,1300000.0,21300000.0
10.0,1674148710719.0,6.769140715252745e+18,sobinaafootwear.sg,Sobinaafootwearsg,101.0,181.0
10.0,1674148899218.0,6.769200986512459e+18,nghitheavocado,Tran Gia Nghi,28500.0,301600.0
10.0,1674148465235.0,6.76923054848372e+18,tyhdisanalien,Nguy·ªÖn Th√πy D∆∞∆°ng,139200.0,2200000.0
10.0,1674148723057.0,6.76940342088691e+18,karen.nng,Karen.nng,171700.0,1300000.0
10.0,1674149491184.0,6.769835843131082e+18,lexuanthao_,L√™ Xu√¢n Th·∫£o,45500.0,140500.0
10.0,1674149071027.0,6.771068486925518e+18,_xotit_,XOTIT ‚òëÔ∏è,2000000.0,29800000.0
10.0,1674149557516.0,6.772114508628149e+18,minxinhdep.42,Nguy·ªÖn Chi,3368.0,13600.0
10.0,1674148781767.0,6.772529807525332e+18,imkhangan,Kh·∫£ Ng√¢n,350200.0,3300000.0
10.0,1674149859313.0,6.772783717342774e+18,levents.vn,Levents,495400.0,6000000.0
10.0,1674148922226.0,6.773598154748265e+18,gaigarden,M·∫Øt K√≠nh Gaigarden,6421.0,20400.0
10.0,1674149108563.0,6.773651264213566e+18,sherryquynh_2903,Sherry Qu·ª≥nh,1560.0,15500.0
10.0,1674150280766.0,6.776212597013612e+18,outfixsaigon,Outfix Saigon,126.0,522.0
10.0,1674148613901.0,6.777645927441909e+18,lome.isilme,lome.isilme,1145.0,1902.0
10.0,1674148570374.0,6.779601000720729e+18,kidostudiowear,KIDO STUDIOWEAR,10200.0,88900.0
10.0,1674149546366.0,6.782074140515075e+18,namthu.official,Tr·∫ßn Nam Th∆∞,1100000.0,7300000.0
10.0,1674149263077.0,6.783725427376031e+18,basicbae.98,Basicbae.98,192.0,430.0
10.0,1674148426689.0,6.783925059222816e+18,yni.channn,Nhi Chan,400.0,5122.0
10.0,1674150911455.0,6.784333092900914e+18,vintace.ci,Vintace.ci,192000.0,8700000.0
10.0,1674149346642.0,6.785431437459129e+18,evastore88,EVA,9745.0,19700.0
10.0,1674148889214.0,6.785697401958401e+18,leechieee,L√™ Chi,9050.0,115000.0
10.0,1674148472762.0,6.789932190727964e+18,tiembac21centimeters,Ti·ªám b·∫°c 21 Centimeters,612.0,1521.0
10.0,1674149948430.0,6.790001779784746e+18,lynnkenz,Lynnkenzz,237100.0,4000000.0
10.0,1674148622594.0,6.790862755902981e+18,ngoc.matcha,Ng·ªçc Matcha ‚òòÔ∏è,4000000.0,140000000.0
10.0,1674148496850.0,6.791687738854983e+18,revolutionclothing.vn,revolutionclothing.vn,4780.0,15200.0
10.0,1674148541393.0,6.791826130338694e+18,yau.yau.26,Ph∆∞∆°ng Thanh Nguy·ªÖn,41100.0,555900.0
10.0,1674148519187.0,6.793634210823407e+18,kiobi.vn,KIOBI CLOTHING,134.0,252.0
10.0,1674148625378.0,6.79427581837127e+18,cchatclothes,CChat Clothes,31600.0,29100.0
10.0,1674234880825.0,6.794298182689097e+18,fridayshop.tiktok,Fridayshop,11700.0,54200.0
10.0,1674148623894.0,6.794458965591361e+18,lenclothing,lenclothing,4600.0,31400.0
10.0,1674148575839.0,6.794688799596889e+18,tiiienle,Tien Le üíñ,51900.0,1400000.0
10.0,1674148541020.0,6.795390241114392e+18,nhungbumxynk,Nhung Bum üéÄ,7886.0,132300.0
10.0,1674148641597.0,6.795632617524119e+18,ssstutterdaily,SSStutter_Daily,3678.0,23100.0
10.0,1674148972721.0,6.795856372602652e+18,myanhtruongg,M·ªπ Anh,57500.0,621100.0
10.0,1674149060227.0,6.796471560725022e+18,lanaofficial.vn,LANA VIETNAM,27300.0,137500.0
10.0,1674148717397.0,6.797727892261848e+18,edini.vn,edini.vn,311.0,416.0
10.0,1674148937697.0,6.798402689107445e+18,rubiessg,RUBIES,365.0,430.0
10.0,1674148566230.0,6.79852839595475e+18,miaritta,mia ritta,7841.0,47700.0
10.0,1674148633856.0,6.798691030909748e+18,thebluetshirt,TheBlueTshirt,2911.0,29800.0
10.0,1674149595712.0,6.799095037336323e+18,t.my06,‚ù§C√¥ M·ªπ Cute ‚ù§Ô∏è,38400.0,386100.0
10.0,1674148641506.0,6.799215491304474e+18,duongtubinh,D∆∞∆°ng T√∫ B√¨nh,153.0,245.0
10.0,1674148350413.0,6.799255362749203e+18,wendysuachua,Wendy ‚ù§Ô∏è,207300.0,1000000.0
10.0,1674149060158.0,6.799875147937383e+18,havadarkwear,Hava Darkwear,2056.0,273.0
10.0,1674148679779.0,6.801092939965416e+18,222.boutique,222.boutique,10200.0,1942.0
10.0,1674149362077.0,6.801111209582151e+18,vmhuong94,VƒÉn Mai H∆∞∆°ng,289600.0,2600000.0
10.0,1674149155844.0,6.801426605581026e+18,suriaccessories,Suri Accessories,33200.0,131800.0
10.0,1674148545145.0,6.802120629099431e+18,ninhduong.lanngoc,Ninh D∆∞∆°ng Lan Ng·ªçc,3300000.0,29500000.0
10.0,1674148577376.0,6.803513350464243e+18,olv.boutique,OLV Boutique,2759.0,2514.0
10.0,1674149702881.0,6.803874730970596e+18,thedelia_official,Thedelia.official,149300.0,245800.0
10.0,1674148653745.0,6.803995313553999e+18,louiis.ha,L∆∞u √ù D√πm,3482.0,113700.0
10.0,1674148578279.0,6.804228836970038e+18,quely94,C·ªù Ly,3000000.0,92700000.0
10.0,1674148455069.0,6.80514379772879e+18,whitesonclub,whitesonclub,2465.0,34300.0
10.0,1674149257819.0,6.805797959105545e+18,hion.storee,Hion Store ( IG hion.storee ),26000.0,100900.0
10.0,1674148541453.0,6.806519477095286e+18,rechicbrand,Rechicbrand,84.0,106.0
10.0,1674148524625.0,6.806861138341938e+18,yucherrystore,Yucherrystore,178.0,295.0
10.0,1674149600687.0,6.806914087445448e+18,powboii,Powboii,218700.0,2500000.0
10.0,1674148614489.0,6.807251140403004e+18,phamthanhhang,Thanh H·∫±ng,548800.0,4000000.0
10.0,1674148680749.0,6.807349856693798e+18,swe.vn,swe.vn,334900.0,2300000.0
10.0,1674148980950.0,6.807352683227121e+18,faya_bags,Faya Bags review,193.0,109.0
10.0,1674149111767.0,6.807374441434416e+18,urbanmonkey420,URBAN MONKEY$,19900.0,141100.0
10.0,1674148608348.0,6.807380885592655e+18,baecodeclothing,BAECODE CLOTHING,274.0,1531.0
10.0,1674149235065.0,6.807641822161356e+18,coemtrendy,coemtrendy,5129.0,173900.0
10.0,1674148715012.0,6.808107407094302e+18,watchesbytif,ƒê·ªíNG H·ªí (X·ªëpy: Tifwatches),5139.0,15400.0
10.0,1674236379443.0,6.808359968430474e+18,thuytrang.model,thuytrang.model,6333.0,50100.0
10.0,1674149035361.0,6.808479677087221e+18,beachclub.official,Beachclub.official,10200.0,42200.0
10.0,1674149166821.0,6.80881342471889e+18,lilasblancnightwear,lilasblanc.nightwear,184.0,228.0
10.0,1674234790139.0,6.809166900842087e+18,heyiamlinda,Linda Ngo,4800000.0,215700000.0
10.0,1674148912449.0,6.809505531447772e+18,_t.imt.im,T√≠m T√≠m,30000.0,304900.0
10.0,1674148575420.0,6.809611041603356e+18,greyb.vn,Grey.B,16400.0,174500.0
10.0,1674148603768.0,6.809666285191988e+18,dii_collection,DII COLLECTION,22100.0,416.0
10.0,1674148636917.0,6.809919020230575e+18,peyjey.v,Peyjey.v,91.0,485.0
10.0,1674148518845.0,6.809975977528198e+18,seduisant.rev,Seduisant.rev,182.0,224.0
10.0,1674148821003.0,6.810319113538733e+18,nieyo.sg,NieYo,1990.0,10100.0
10.0,1674149851907.0,6.810379658061252e+18,gagobrand,GAGO BRAND,1173.0,254.0
10.0,1674148576267.0,6.810990463194498e+18,fleur.studio,fleur.studioo,3636.0,34400.0
10.0,1674148662124.0,6.81149261793652e+18,ponivibe,IG: ponivibe.official,44700.0,531700.0
10.0,1674149079054.0,6.811900755059181e+18,sakepoche,sakepoche,12.0,18.0
10.0,1674148646446.0,6.811903831599089e+18,clickclub.official,Clickclub,2181.0,6775.0
10.0,1674236696234.0,6.812266184995472e+18,thuanh.hehe,thuanh.hehe,50600.0,214400.0
10.0,1674148657150.0,6.812280459834803e+18,luongthuylinh_,L∆∞∆°ng Thu·ª≥ Linh,295100.0,8100000.0
10.0,1674149972110.0,6.812839500633523e+18,dottie_store,Dottie,23700.0,126200.0
10.0,1674148700223.0,6.812848447168808e+18,floralpunkofficial,floralpunk,3005.0,2070.0
10.0,1674148544835.0,6.814322533324785e+18,reminder.sg,Reminder.sg,34400.0,237800.0
10.0,1674149180776.0,6.814340103159383e+18,totetalk,totetalk,53.0,247.0
10.0,1674149489107.0,6.814828233683846e+18,doublemoonshot,doublemoonshot,387.0,1259.0
10.0,1674149451037.0,6.817037968479438e+18,morningwarning,morningwarning,4183.0,6187.0
10.0,1674149565917.0,6.818550882066646e+18,imaaychi,ig: i.maychi,84400.0,1200000.0
10.0,1674150206825.0,6.82108037409453e+18,the19club,the19club,625.0,468.0
10.0,1674149533620.0,6.821428795238417e+18,sheeshomewear,Shee's Homewear,60.0,388.0
10.0,1674152011882.0,6.821941239408379e+18,theviciouskids,Theviciouskids,1016.0,345.0
10.0,1674148595936.0,6.823349807324956e+18,shopcat.vn,C.A.T BOUTIQUE,1072.0,982.0
10.0,1674148562421.0,6.824026296827577e+18,kkfashionvn,K&K Fashion,120200.0,2300000.0
10.0,1674149227920.0,6.825519585929348e+18,bachlieen,B√°ch Li√™n,145600.0,2300000.0
10.0,1674148725903.0,6.826928771717055e+18,gonpinkk,gonpinkk,606300.0,32900000.0
10.0,1674149402194.0,6.828265504320243e+18,imagodbreaker,iMA God Breaker Streetwear,79700.0,772000.0
10.0,1674149319616.0,6.831195658113648e+18,thesugartown.vn,thesugartown,1369.0,25400.0
10.0,1674148508977.0,6.831516423505855e+18,owst.studio,OH Wonder Studio,39400.0,750900.0
10.0,1674148715331.0,6.831808642682701e+18,dearjose.xo,DEAR JOSEÃÅ ¬Æ,76800.0,740000.0
10.0,1674148619318.0,6.834831341340083e+18,lyiee__,ùòìùò∫ùò™ùò¶ùò¶ l√† l√° la ‚ô™( ¬¥Œ∏ÔΩÄ)„Éé,16000.0,149100.0
10.0,1674148451803.0,6.837383014717081e+18,tralifashion,Trali Fashion,193.0,100.0
10.0,1674148599963.0,6.840003511171302e+18,outerity.sg,OUTERITY,146700.0,815700.0
10.0,1674235182042.0,6.841548471876535e+18,.viviha,ùìùùì∞ùìæùîÇùìÆÃÇÃÉùì∑ùì£ùì±ùì≤Ã£ùìóùì™ÃÄùì•ùì≤,11600.0,110300.0
10.0,1674148646249.0,6.841785281633682e+18,ledacollection,LEDA Collection,264000.0,2600000.0
10.0,1674149484974.0,6.841821021487891e+18,insaneclo.sg,Insane Clo,124700.0,2000000.0
10.0,1674148616201.0,6.843995934620681e+18,hagn.trann_,H·∫±ng Tr·∫ßnn,1200000.0,11100000.0
10.0,1674148581598.0,6.846592210205607e+18,mayyfashion,Mayyfashion,1923.0,331.0
10.0,1674148472090.0,6.847042373962024e+18,tutustore,TuTu Store,7250.0,14500.0
10.0,1674148622140.0,6.847834850402174e+18,nthuy.vi0405,Nguy·ªÖn Thu·ª≥ Vi,97900.0,353800.0
10.0,1674149101122.0,6.849758601017034e+18,rubystore.sg,Rubystore.sg1,83200.0,273400.0
10.0,1674149114323.0,6.849937653707605e+18,lepvn,Lep‚Äô Dress,16800.0,50500.0
10.0,1674148919989.0,6.851742088259372e+18,ranverbae.official,RVB,1665.0,33.0
10.0,1674148588185.0,6.852278132612351e+18,kimwean.sg,Kimwean Store,37.0,149.0
10.0,1674148690981.0,6.852568464364848e+18,gindy.fashion,Gindy Fashion,210.0,973.0
10.0,1674148649481.0,6.852745112248141e+18,hades.studio,HADES STUDIO,54000.0,536300.0
10.0,1674148551783.0,6.854417917166175e+18,nemfashion.official,NEM FASHION,7413.0,32000.0
10.0,1674148572645.0,6.855125293712344e+18,hoangyentp,Tr·∫ßn Phan Ho√†ng Y·∫øn,654900.0,11100000.0
10.0,1674148511469.0,6.855631806142694e+18,maikyhan,Mai K·ª≥ H√¢n,30900.0,292800.0
10.0,1674148557791.0,6.856981602116339e+18,lamerfashion,Lamer Fashion,12800.0,10200.0
10.0,1674148863412.0,6.861130426719716e+18,ontop.localbrand,ONTOP,99200.0,88100.0
10.0,1674148525888.0,6.861601715876513e+18,tiela.clothes,Tiela,26800.0,269300.0
10.0,1674148730086.0,6.864766587631928e+18,dodi.dindon,dodi.dindon,1.0,7.0
10.0,1674149157143.0,6.864867906201044e+18,nguyen.atelier,Nguyen.atelier,6.0,36.0
10.0,1674149678249.0,6.867003473323689e+18,whitelazz,Whitelazz,3240.0,34300.0
10.0,1674148637035.0,6.86809184463184e+18,thedoubleii,thedoubleii,1161.0,4960.0
10.0,1674148578040.0,6.870475848072726e+18,lannjewelryvn,LANN Jewelry,2123.0,39800.0
10.0,1674149013293.0,6.872792688082175e+18,miganto.official,Miganto,19900.0,85300.0
10.0,1674148580197.0,6.876018615898359e+18,twenti.vn,Twenti.vn,34800.0,436100.0
10.0,1674148695195.0,6.882262031161132e+18,tjuofficial,Tju_official,5827.0,1168.0
10.0,1674149578818.0,6.88266706603031e+18,khuyenniee,ùìùùì∞ùì∏Ã£ùì¨ ùìöùì±ùìæùîÇùìÆÃÇùì∑,60100.0,907700.0
10.0,1674148663409.0,6.883110092767626e+18,chudada_16,Chuu Dieu Huyen,6211.0,23700.0
10.0,1674148676996.0,6.883386229918025e+18,jem.closet,Jem Closet,131800.0,1800000.0
10.0,1674148711194.0,6.884424065382942e+18,verus.wristband,Verus Wristband,13100.0,198600.0
10.0,1674148847346.0,6.884453278940628e+18,xipi.vn,XIPI,1986.0,2088.0
10.0,1674149260560.0,6.885244524029806e+18,bustubigsize,BUstu Bigsize,164.0,284.0
10.0,1674148694021.0,6.886702415408858e+18,monotalkvn,Mono Talk,1406.0,10600.0
10.0,1674148731344.0,6.889010914609284e+18,boldbikinivn,BOLD BIKINI SWIMWEAR,696.0,14000.0
10.0,1674149004884.0,6.890725999757034e+18,tosonfashion,Tosonfashion,238.0,1347.0
10.0,1674148759027.0,6.893015152812967e+18,mixshophcm,Mix-Shop Hcm,1204.0,647.0
10.0,1674148927477.0,6.893392716118967e+18,devons.studio,Devons.studio,2812.0,3253.0
10.0,1674150222276.0,6.895561009173825e+18,glk168,Linh Pii,2200000.0,39400000.0
10.0,1674148721039.0,6.900029714476762e+18,ab_house_7,Ab_house,135100.0,765800.0
10.0,1674149092549.0,6.902425866425386e+18,hariwonday,Hari Won(ÏõêÌïòÎ¶¨),3500000.0,40600000.0
10.0,1674149246077.0,6.905676812887049e+18,jubinstudio,Jubin Studio,21900.0,371300.0
10.0,1674148537130.0,6.912855891235489e+18,thedoomsday.vn,thedoomsday.vn,1412.0,5599.0
10.0,1674150350351.0,6.914130857423308e+18,trangsucdebac,D·∫æ B·∫†C OFFICIAL,21100.0,98200.0
10.0,1674148555429.0,6.91674969855348e+18,nobsilver,nobsilver306,48700.0,874700.0
10.0,1674148602091.0,6.917078379595269e+18,dincoxofficial,Dincox Official,57.0,152.0
10.0,1674149529976.0,6.917956412216296e+18,bangnganfoto,BƒÉng Ng√¢n H·ª©a,74800.0,1000000.0
10.0,1674148927927.0,6.918302022668617e+18,olala.studio,Olala Studio,368.0,6299.0
10.0,1674149271666.0,6.918365294135084e+18,5am.saigon,5am.saigon,12500.0,133600.0
10.0,1674150758795.0,6.918967259763426e+18,blackmiack,BM couple ne,236500.0,5200000.0
10.0,1674149259203.0,6.919676124117976e+18,jennymalc,Malcolm,7128.0,435000.0
10.0,1674149318249.0,6.920431880921138e+18,petbychang2011,Petbychang,55300.0,182400.0
10.0,1674149080125.0,6.921950303890769e+18,tiemcaiquan,Ti·ªám C√°i Qu·∫ßn,168300.0,2500000.0
10.0,1674148890353.0,6.930841937905747e+18,minbyann.studio,Min by Ann,6917.0,50800.0
10.0,1674149311535.0,6.932908130523547e+18,kinhmatjimmycharice,Jimmy & Charice,55600.0,156300.0
10.0,1674148704225.0,6.933396817564927e+18,youandyourshop,You And Your Shop,171.0,363.0
10.0,1674148831162.0,6.936049012815644e+18,tipblu.vn,tipblu,8804.0,87700.0
10.0,1674148842520.0,6.936432940227233e+18,eleanor.vn,Eleanor Accessories,207.0,304.0
10.0,1674150036121.0,6.937204695249487e+18,themavensaigon,The MAVEN Saigon,2235.0,1057.0
10.0,1674148660413.0,6.937920516850828e+18,clownzvn,ClownZ,24000.0,250700.0
10.0,1674234730295.0,6.939031377471981e+18,clelie.vn,CL√âLIE,12900.0,40500.0
10.0,1674148804249.0,6.939837291645011e+18,eulachamday,b·∫Øm,7931.0,51300.0
10.0,1674150307915.0,6.941270822020941e+18,moochou.vn,N√†ng th∆° th√†nh th·ªã,1187.0,486.0
10.0,1674149249244.0,6.944247676418901e+18,lilyeyewear,Kinh Mat Lily,66400.0,1100000.0
10.0,1674148679830.0,6.944626151940769e+18,hthuy_toui,hthuy_toui1,45100.0,1500000.0
10.0,1674148921437.0,6.94463612503104e+18,gihy.lumos,Gihy.lumos,2524.0,3225.0
10.0,1674149177168.0,6.952028188428518e+18,fiona.accessories,C·ª≠a h√†ng ph·ª• ki·ªán Fiona,4942.0,19000.0
10.0,1674150022881.0,6.952870697924642e+18,lechi.official,L√™ Chi,177200.0,2200000.0
10.0,1674148726557.0,6.953793600246138e+18,.chang200_4,Nguy·ªÖn Th·ªã H·ªìng Th·∫Øm,631100.0,6700000.0
10.0,1674148660400.0,6.955311216826811e+18,poesi.vn,poesi.vn,483.0,11200.0
10.0,1674148667531.0,6.957244830976099e+18,pagina.studio,PAGINA,5557.0,28500.0
10.0,1674148849166.0,6.959826177310279e+18,darlingismconcept,darling.ism,209000.0,2500000.0
10.0,1674150155810.0,6.962744967055803e+18,tuanhthichanbundau,Ng∆∞·ªùi ch∆°i h·ªá review,185600.0,3200000.0
10.0,1674148644072.0,6.964552142359987e+18,kate_by_linh_nguyen,Kate_By_Linh_Nguyen,116.0,374.0
10.0,1674148662721.0,6.964778477900318e+18,fuwafuwayi_,M·∫°c Ph∆∞∆°ng Vi r·∫•t iu Xiao,170100.0,6400000.0
10.0,1674148644043.0,6.964947801874105e+18,fakenth,Nguy·ªÖn Thu H∆∞·ªùng ü§ç,693600.0,18500000.0
10.0,1674149663518.0,6.965496462717699e+18,nga_wendy,N G A,8135.0,70300.0
10.0,1674148810106.0,6.966209125806769e+18,ddreamer.jewelry,Trang S·ª©c B·∫°c 925 Ddreamer,611.0,1131.0
10.0,1674148822405.0,6.967261277886432e+18,vietgangz.original,Vietgangz Origial,38700.0,804200.0
10.0,1674148922634.0,6.967336724399949e+18,tiin.moment,Tiin Store,21200.0,464400.0
10.0,1674150283101.0,6.968688224915932e+18,nhakholiti,Nh√† Kho Liti,41.0,38.0
10.0,1674148813796.0,6.969021350317245e+18,senyda.jewelry,Senyda Jewelry,5.0,8.0
10.0,1674148677267.0,6.969086235315684e+18,l.ii.n_clothingtamkhuong,L.ii.n_ClothingTamKhuong,106.0,87.0
10.0,1674148732206.0,6.96958913340593e+18,embesue,üí´üíú Mai M·ªπ Uy√™n ‚ùÑÔ∏è‚ú®,19400.0,252000.0
10.0,1674148553126.0,6.971628950767732e+18,pthv5,üîÆTi·ªÉu VyyüîÆ,2300000.0,40000000.0
10.0,1674148721548.0,6.974428080669476e+18,d.chic_official,D.CHIC_Official,833.0,721.0
10.0,1674148747366.0,6.975015284650362e+18,hani.clothing,HaNi,1071.0,7456.0
10.0,1674149309862.0,6.975449142505489e+18,asapprettymary,maroomalllaav,8647.0,76700.0
10.0,1674149159146.0,6.977172316800452e+18,emwearvn,Emwearvn,220.0,132.0
10.0,1674148872074.0,6.978046954833085e+18,teeworld.offical,Teeworld Offical,1904.0,58800.0
10.0,1674149336978.0,6.978141947873543e+18,lilygumi,lilygumi,291100.0,2300000.0
10.0,1674148655339.0,6.978706930864768e+18,atous.clothing,√Ä Tous Clothing,30.0,145.0
10.0,1674148813330.0,6.980743816904426e+18,8yostudio,8YO,47900.0,408300.0
10.0,1674149525526.0,6.982183315814155e+18,kimanh6197,Kim Anh,121100.0,1600000.0
10.0,1674148557723.0,6.995561011865617e+18,draconids.mf1111,üåü DRAYüåüDo√£n Qu·ªëc H·∫° Nhi c·ªçc,491900.0,16000000.0
10.0,1674148937971.0,7.026143049559e+18,veosbykhanh,VEO‚ÄôS,5295.0,12000.0
10.0,1674148606260.0,7.026969290684564e+18,quynhnhu__1,Nguy·ªÖn Th·ªã Qu·ª≥nh Nh∆∞,246.0,940.0
10.0,1674149182683.0,7.02752567856056e+18,1996.byhiin,1996.byhiin,2002.0,13800.0
10.0,1674148984199.0,7.030639612788262e+18,meh_studio,MEH_STUDIO,23.0,255.0
10.0,1674148633370.0,7.031360188185101e+18,her25officical,HER25,234500.0,3500000.0
10.0,1674149148029.0,7.032142087463667e+18,ariustees,Outfits by Ariustees,32.0,615.0
10.0,1674148677258.0,7.0359155977381e+18,calmbunny,CALMBUNNY,17000.0,69600.0
10.0,1674148527474.0,7.039519255957095e+18,tebivietnam,Tebi,823.0,828.0
10.0,1674149742645.0,7.041500176770762e+18,ryactiveofficial,RYACTIVE,47900.0,75000.0
10.0,1674148628974.0,7.0510413505691e+18,narcystudio,Narcystudio,43.0,47.0
10.0,1674148466627.0,7.065598405347821e+18,richness.studio,RICHNESS WORLDWIDE,16700.0,173800.0
10.0,1674149294169.0,7.07864037909296e+18,nha.banhh,B√†nh Housee,3199.0,85500.0
10.0,1674149929296.0,7.083326499461645e+18,ldv.officiel,Lesavril de Vetements,20400.0,18100.0
10.0,1674148606646.0,7.087436976743777e+18,toptify,Toptify,9192.0,1204.0
10.0,1674148888581.0,7.093856492944115e+18,by.tranghoangth,t·ªß ƒë·ªì s·∫Øc m√†u üç≠,153.0,3657.0
10.0,1674149917578.0,7.103794460862137e+18,nowsaigon,NOWSAIGON,21600.0,13800.0
10.0,1674148727062.0,7.107866874457097e+18,and.casually19,AND CASUALLY,8678.0,1490.0
10.0,1674148570482.0,7.118716590040581e+18,lonascorner,Lona's Corner,11700.0,16800.0
10.0,1674150212947.0,7.121909467252e+18,cara.club,caraclub,4450.0,36200.0
10.0,1674148603857.0,7.125441518861174e+18,cecicela.official,Ceci Cela,15100.0,13000.0
10.0,1674149092571.0,7.157931816031684e+18,pur.bras,pur.braslove,17.0,92.0
10.0,1674149585873.0,7.171030971402421e+18,sgzupstore,SAIGONZUP Store & Uniform,21.0,619.0
10.0,1674148648755.0,7.183900254285694e+18,siblinghouse,Siblinghouse,1258.0,1755.0
10.0,1672681004171.0,69581688449.0,quynanhtran._,Qu·ª≥nh Anh,1200000.0,23400000.0
10.0,1672767143990.0,78703915756.0,vanniebui131,B√πi T∆∞·ªùng V√¢n,18800.0,323300.0
500.0,1651572844201.0,209793.0,babyariel,BabyAriel,35700000.0,1900000000.0
10.0,1670598655933.0,6.618334160790503e+18,_ttuanh,Sii Anh T√∫,36700.0,800200.0
4.0,1670253063054.0,6.624776479971836e+18,wetran.l,Luong Que Tran,19.0,33.0
10.0,1670130547801.0,6.632553495533879e+18,banhhousee,B√†nh Housee,113.0,788.0
10.0,1670512346880.0,6.659626918931235e+18,cher_studio,Cher_studios,133700.0,670100.0
10.0,1670512427887.0,6.980621573918246e+18,kimdee_le,kimdee_le,6722.0,50700.0
10.0,1670253033417.0,7.024422121310242e+18,chibest_store,Chibest,1703.0,1251.0
10.0,1675790103660.0,6.821423078707742e+18,theshilla.official,THESHILLA.OFFICIAL,66900.0,220500.0
9.0,1677345789588.0,7.201511115528324e+18,eleanoraccessories,Eleanoraccessories,6.0,65.0
10.0,1677345737722.0,6.973161723864188e+18,quachtana,quachtana,57.0,138.0
10.0,1677346158395.0,7.043457631373919e+18,crispusclo,Crispus xin ch√®o!,305.0,477.0
10.0,1677345269941.0,6.712275637522728e+18,bliss_clothes99,Bliss,536.0,2704.0
10.0,1677345871764.0,6.729160282423887e+18,thefrecklestudios,thefrecklestudios,14900.0,92300.0
10.0,1679419064746.0,7.102796960390039e+18,karlotta_concept,karlotta concept,83.0,101.0
55.0,1677993628658.0,6.882995462878578e+18,rinrin_collection,Rinrin Collection Tiktok,26300.0,302400.0
343.0,1677993746764.0,7.038540094828152e+18,girlfashionstory.oficial,Girl Fashion Story,54300.0,45600.0
358.0,1677993333786.0,6.785078728815216e+18,blashfashion,BLASH FASHION,48600.0,136200.0
510.0,1677993970282.0,6.922094801257137e+18,nuritari_,Nuritari_Id,491000.0,2200000.0
367.0,1677994130228.0,6.736786047462884e+18,rajashopbali,Raja shop bali,4993.0,3348.0
