collected_videos_count,collection_time,id,nickname,followers,hearts
1.0,1674148803051.0,30732329049,Shop Taly,82.0,19.0
1.0,1674150136905.0,lhasagna,Lhasa Pereyra,93.0,120.0
1.0,1674148611175.0,nrose.clothing,Nâ€™ROSÃ‰,2.0,3.0
1.0,1674150137974.0,beyouth.clothing,beyouth.clothing,0.0,2.0
1.0,1674148633478.0,hellolarosabyh,Larosa by H,11.0,2.0
1.0,1674148589196.0,liin.vn,liin.vn,6.0,3.0
1.0,1674148672301.0,d.d.e.t.s,á´…á´…á´‡á´›s,1365.0,3657.0
2.0,1674149839455.0,hymyng,Hy My,2931.0,55600.0
2.0,1674148632054.0,cozy.clubb,cozy.clubb,16.0,37.0
2.0,1674148603637.0,31865110201,Venuco HN Sang,1.0,9.0
2.0,1674148596162.0,curvyq.hn62,curvyq.hn,10.0,0.0
2.0,1674148978265.0,hiuroom,Hiuroom,197.0,42.0
2.0,1674149750616.0,shamong.vn,Sha MÃ´ng,90.0,7.0
2.0,1674149933624.0,marchy.saigon,MARCHY saigon,1142.0,13000.0
2.0,1674149593721.0,scstudiosvn,SOCIAL COMMITMENT,17.0,1.0
2.0,1674148655151.0,letrantuongly,BÃ© Ly hay tÃ² mÃ² ğŸ¼,158.0,588.0
2.0,1674148641029.0,end.payce,END.PAYCE,2477.0,4830.0
2.0,1674149055992.0,adore.dress,Marketing PhÃ²ng,2.0,3.0
2.0,1674148486798.0,stressmama.brand,stressmama.brand,31.0,21.0
2.0,1674148724063.0,tudocuanie,TudocuaNie,5.0,22.0
2.0,1674148700138.0,foryoustore.vn,foryoustore.vn,3.0,3.0
3.0,1674148749184.0,30348940393,Ebra Le,9508.0,30400.0
3.0,1674148637432.0,giaogiaoday,giaogiaoday,283.0,6125.0
3.0,1674148602199.0,olivace.studio,Olivace.studio,1.0,5.0
4.0,1674149122444.0,anhtuyet_1609,Ãnh Tuyáº¿t,220.0,1867.0
4.0,1674148496938.0,happyzoo_store,happyzoo_store,3309.0,25600.0
4.0,1674148759944.0,mihie_mihie,Mihie_mihie,50.0,224.0
4.0,1674148680541.0,beautebyv123,PhÃ¹ng Tháº£o VÃ¢n,4.0,11.0
4.0,1674149598475.0,stitchstudio,stitchstudio,10.0,76.0
4.0,1674149926163.0,rokeeoo,ROSIE,29.0,277.0
4.0,1674148831028.0,dilyshoesofficial,dilyshoesofficial,1234.0,6657.0
4.0,1674149709881.0,eumso.official,Eumso.Official,1.0,10.0
4.0,1674148522782.0,zukyclothing,ZukyClothing,44.0,6.0
4.0,1674148465519.0,philinh_,Äinh Ngá»c Phi Linh,441.0,427.0
5.0,1674149167816.0,embellshouse,EMBell's House,21.0,139.0
5.0,1674148587746.0,misoakimanh,Misoa Kim Anh,4044.0,7124.0
5.0,1674148635752.0,huongboutiqueofficial,HuongBoutique,5.0,8.0
5.0,1674148428619.0,soleil_room20,Chi Tháº£o,6.0,74.0
5.0,1674148860539.0,colkidsclub1010,Colkidsclub1010,4627.0,72100.0
6.0,1674149928017.0,waffobia,Mike  â˜€ï¸,555.0,2171.0
6.0,1674149234780.0,chithuocda,Chá»‰ Thuá»™c Da,157.0,482.0
6.0,1674148822381.0,vhoangdiem,HoÃ ng Diá»…m,11900.0,54900.0
6.0,1674149018629.0,nakedbyv,NAKEDBYV,354.0,326.0
6.0,1674148861883.0,st2wear,ST2WEARSHOP,2.0,9.0
6.0,1674150996904.0,douxria,riağŸ£,15.0,27.0
7.0,1674148653105.0,fusionism.vn,Fusionism.vn,1572.0,8492.0
7.0,1674149117440.0,kyduyenbae,âœ¨Kyduyenbaeâœ¨,729.0,1987.0
7.0,1674148896009.0,popbirdy,POPBIRDY,17.0,77.0
7.0,1674148600038.0,soyoungvn,soyoungvn,12500.0,65900.0
7.0,1674149311778.0,dirtycoinssvh,Dirtycoins SÆ° Váº¡n Háº¡nh,283.0,4259.0
7.0,1674148604208.0,artistclub.vn,Artist Club,158.0,2166.0
8.0,1674148840657.0,loubedora,Hy KhÃ¡nh,69.0,144.0
8.0,1674148426614.0,viweedie,Vy LÃª,352.0,2242.0
8.0,1674149349917.0,whattowearvn,Whattowear.vn,27.0,6.0
8.0,1674148643325.0,khazsakkramer,Khazsak,3964.0,24300.0
8.0,1674149267942.0,meoamii,meoamii,62.0,226.0
8.0,1674149363368.0,onon.made,maimaionon,126.0,77.0
8.0,1674148492611.0,urbanoutfits.vn,URBAN OUTFITS,21400.0,73100.0
8.0,1674148593555.0,duxyen16.02,Nguyá»…n Äá»— Nhi Yáº¿n,3815.0,19400.0
8.0,1674149589736.0,elimazdress,PhÆ°Æ¡ng Dress,336.0,626.0
9.0,1674148613447.0,originality.official,originality.official,5.0,7.0
9.0,1674148535060.0,rachelaziee,chá»“,1084.0,9608.0
9.0,1674148608317.0,manliciouss,manliciouss,79.0,146.0
10.0,1674148523862.0,tu_hhao,TÃº Háº£o,109700.0,912800.0
10.0,1674148512700.0,thohin,THâœ¿,109800.0,1200000.0
10.0,1674149910403.0,t_h_u_c,Thuc dep trai,30100.0,691400.0
10.0,1674149639954.0,dotquynhnhu,Äá»– NHÆ¯ | Model Tips,34600.0,543600.0
10.0,1674148726034.0,thxlinh,Pháº¡m Linh,78300.0,449100.0
10.0,1674148463609.0,stellaminhtunguyen,Minh TÃº Nguyá»…n ğŸ°,1400000.0,40900000.0
10.0,1674149204866.0,andreaaybar1995,Andrea Aybar,3800000.0,100600000.0
10.0,1674149188238.0,quynhanhshyn_,Quynh Anh Shyn,989900.0,9800000.0
10.0,1674148668072.0,_meiitheo,MÃ¨o khÃ´ng Äƒn cÃ¡ ğ“† ğ“†Ÿ ğ“†,116900.0,4000000.0
10.0,1674148562643.0,thanhthanhla,Fung La,129200.0,805800.0
10.0,1674149162867.0,buikhanhha_,BÃ¹i KhÃ¡nh HÃ ,131800.0,1200000.0
10.0,1674236134453.0,jacklynwicks,Jacklyn Wicks,135000.0,2200000.0
10.0,1674148998810.0,hansara.official,Han Sara,1400000.0,15300000.0
10.0,1674148589781.0,sithanh,SÄ© Thanh,1100000.0,11400000.0
10.0,1674148631694.0,yori.babie,Yori.Babie,308200.0,3200000.0
10.0,1674148654986.0,galitv_,GaliTV,16300.0,212200.0
10.0,1674149650037.0,nheephan,âœ¨ Nhee âœ¨,18300.0,270700.0
10.0,1674149166869.0,dieuhoangg211,Diá»‡u HoÃ ng 211 ğŸ’•ğŸ’•ğŸ’•,728700.0,4200000.0
10.0,1674148702296.0,blmhuong,MAI HUONG,658200.0,16000000.0
10.0,1674149722207.0,folaooh,folaooh,12400.0,56900.0
10.0,1674148872224.0,hotline.pling,hotline.pling,372100.0,12600000.0
10.0,1674149075121.0,dahan01,Dahan.phuongoanh,1201.0,1994.0
10.0,1674148406239.0,vanpham0719,Van Pham,277700.0,5600000.0
10.0,1674148534111.0,ngoduyenn,WoNi,392200.0,3900000.0
10.0,1674149062395.0,9tailsfoxie,FOXIE,1000000.0,46800000.0
10.0,1674148845039.0,nhuy.ng_,Nguyá»…n NhÆ° Ã,7890.0,56400.0
10.0,1674148374938.0,vixu.official,ğ“¥ğ“² ğ“§ğ“¾ ğŸŒ¹,1500000.0,19600000.0
10.0,1674149083359.0,jnaofficialll,Jna official,69800.0,298600.0
10.0,1674148780104.0,tra.dang.904,â˜˜ï¸TrÃ  Äáº·ngâ˜˜ï¸,19700000.0,430200000.0
10.0,1674149773763.0,meily_mia,Meily miağŸŒ¹ğŸ¥€,1000000.0,8200000.0
10.0,1674148717796.0,linhmieu.51,Linh MiÃªu,59500.0,262000.0
10.0,1674148894137.0,reencyngo,Reency NgÃ´,11000000.0,239400000.0
10.0,1674148775918.0,_mayy.01,maymaylovesbobateağŸ§‹,302100.0,5800000.0
10.0,1674149098567.0,pitrancy1,PitrÃ©ncÃ¬ ğŸ¦¦,414400.0,7100000.0
10.0,1674149010808.0,hoa_2309,NgÃ´ Ngá»c HoÃ ğŸ¦„,12900000.0,183500000.0
10.0,1674149185865.0,nruburn,Burn,146600.0,2800000.0
10.0,1674148539473.0,yinyin.official,Yin Yin,2400000.0,35900000.0
10.0,1674148560516.0,phanhh.babe,Phanhhh ğŸ’«,42800.0,554800.0
10.0,1674149580141.0,thaonarii,Tháº£o Nari  ğŸ€,1500000.0,13600000.0
10.0,1674150621255.0,mintuuu_,mintu no haha,155500.0,1400000.0
10.0,1674148535185.0,tyle1994,Ty LÃª,4000000.0,94000000.0
10.0,1674149139674.0,vanmii1,Tráº§n Thuá»³ VÃ¢n,1000000.0,14500000.0
10.0,1674148602714.0,iam.zziinn,IAM ZIN,30300.0,317100.0
10.0,1674149202568.0,emyhaiyen,Phan Háº£i Yáº¿n,5255.0,18900.0
10.0,1674148524523.0,zicky.lee,Zicky Lee ğŸ«¦,570400.0,7600000.0
10.0,1674148600666.0,_thuyb,__thuyb,588200.0,5100000.0
10.0,1674148706046.0,rubi0207,RubiğŸ‘„,59500.0,900500.0
10.0,1674149206107.0,_linhhkaa_,Linh Ka,2800000.0,28100000.0
10.0,1674149070846.0,ngoc.thao.810,ğŸ€Ngá»c Tháº£oğŸ€,740500.0,7200000.0
10.0,1674148854611.0,tayyuna.345,ğ™ Ã‚ğ™”  ğ—¬ğ—¨ğ—¡ğ—”,97900.0,1000000.0
10.0,1674148717866.0,chutprincess,Ig : chutprincess,166300.0,3300000.0
10.0,1674149300670.0,vietphuongthoa98,Viá»‡t PhÆ°Æ¡ng Thoa,12300000.0,487300000.0
10.0,1674148518489.0,yen.hoang_,HoÃ ng Yáº¿n Official âœ¨,1100000.0,19400000.0
10.0,1674148610438.0,myka_makeupartist,MYKA MAKEUP ARTIST,37500.0,92100.0
10.0,1674148915201.0,phamthiminhtran.naau,Pháº¡m Thá»‹ Minh TrÃ¢n ğŸ“,934600.0,21500000.0
10.0,1674149531617.0,minayoungg,KhÃ´ng pháº£i Mina Young â˜ğŸ»,1100000.0,8500000.0
10.0,1674149035586.0,myha2266,My HÃ ,25800.0,364800.0
10.0,1674148535539.0,tramdo.98,TrÃ¢m ÄÃ´,5800000.0,81100000.0
10.0,1674148756948.0,hoaiann__,An Japan,11500.0,115700.0
10.0,1674149205382.0,tramemm,TrÃ¢m Anh,50200.0,552900.0
10.0,1674148605405.0,baomyme,Báº£o My - Doris,672000.0,6600000.0
10.0,1674151586544.0,hyan147,Hy An,31100.0,183200.0
10.0,1674149177193.0,hwitch99,HÆ°Æ¡ng Witch,952400.0,15500000.0
10.0,1674148832258.0,b0orjn,Tráº§n Ngá»c CÃ¡t PhÆ°Æ¡ng,135300.0,699600.0
10.0,1674148626391.0,cciinnn,CiiN,9300000.0,234400000.0
10.0,1674148695547.0,dracumeow,Lan Vy,40800.0,731300.0
10.0,1674148953174.0,dquynh200,Pháº¡m Thá»‹ Diá»…m Quá»³nh,892700.0,11200000.0
10.0,1674148522634.0,zaheun,N.ZaHanğŸ‡»ğŸ‡³,8600000.0,181100000.0
10.0,1674149180511.0,tieumyy93,Tiá»ƒuMyy,1400000.0,16600000.0
10.0,1674148619464.0,lethikhanhhuyen2004,LÃª Thá»‹ KhÃ¡nh Huyá»n,7600000.0,119200000.0
10.0,1674149225337.0,linhbarbie,âœ¨ Linh Barbie âœ¨,18700000.0,319300000.0
10.0,1674148669420.0,donhatha.official,Äá»— Nháº­t HÃ ,133600.0,1300000.0
10.0,1674149876006.0,baona_0801,Na Na T ráº§n ğŸ¤ŒğŸ»,1300000.0,16900000.0
10.0,1674149033891.0,thieulan.cameo,Thiáº¿u Lan ğŸ¦‹,1980.0,8768.0
10.0,1674149160606.0,whynotchaooo,Chao,1700000.0,37100000.0
10.0,1674149182640.0,bui_anh,BÃ¹i Anh,14600.0,53800.0
10.0,1674149949921.0,__trang_linh___,Nguyá»…n Nam Trang Linh,107200.0,913000.0
10.0,1674149619358.0,hoangthachthao_,HoÃ ng Tháº¡ch Tháº£o,10300.0,46200.0
10.0,1674148648574.0,dundundiary,Nguyá»…n PhÆ°Æ¡ng Dung,729900.0,9400000.0
10.0,1674149696333.0,melyang21,Mel TV,401600.0,6200000.0
10.0,1674149323233.0,du_uyen,Du UyÃªnğŸ’‹,503500.0,5700000.0
10.0,1674148611453.0,mindi99,Tráº§n Diá»…m My,2000000.0,42100000.0
10.0,1674149130413.0,mintuyenn,ğ™¼ğš’ğš—ğš‘ ğšƒğšğš¢ğšÌ‚Ì€ğš— âœ¨,131200.0,1000000.0
10.0,1674148981663.0,remmus.official,Remmus.official,146500.0,1200000.0
10.0,1674149852986.0,hangbb_,hangbb_,110500.0,1500000.0
10.0,1674148457420.0,truongquynhanh1201,TrÆ°Æ¡ng Quá»³nh Anh,1400000.0,13000000.0
10.0,1674148985318.0,bong2502,Bá»‘ng ğŸ’‹,1300000.0,16000000.0
10.0,1674149116977.0,bannipham,Banni,105600.0,769700.0
10.0,1674148451112.0,vienvibi_899,ViÃªn Vibi,8400000.0,328600000.0
10.0,1674148673806.0,hoamoclam,Hoa Má»™c LÃ¢m,100200.0,507300.0
10.0,1674148628677.0,quynhhani0610,QuynhHani,592500.0,4000000.0
10.0,1674149263353.0,an_nyo,An Nyo,320500.0,2000000.0
10.0,1674149365070.0,cheapyvn,Cheapy Store,30900.0,151400.0
10.0,1674148717457.0,bap.ohsusu,Ohsusu (Official),724100.0,4000000.0
10.0,1674148494677.0,thichanbun,Thichanbun,22300.0,159100.0
10.0,1674148522440.0,lamnhineeee,LamNhidangiu,37400.0,250500.0
10.0,1674148500951.0,tramanhhh.lt,LÃª Thá»‹ TrÃ¢m Anh,90300.0,653500.0
10.0,1674148876015.0,dokhanhvan,Äá»— KhÃ¡nh VÃ¢n,1300000.0,12400000.0
10.0,1674148501309.0,vahshyy,Vahsh.y,25500.0,359600.0
10.0,1674148951406.0,eugenie.ng,âœ¨XUÃ‚NğŸŒŸ,48100.0,157900.0
10.0,1674149073931.0,han.hang18,HÃ n Háº±ng,272300.0,3700000.0
10.0,1674148677441.0,18mmofficial,18mmStudio,6507.0,4299.0
10.0,1674148972766.0,mtram35,Tráº§n Má»¹ TrÃ¢m,38500.0,503500.0
10.0,1674148458147.0,thanha.buii,Bui Thanh Ha,104700.0,2900000.0
10.0,1674149698160.0,jenny.huynh._,jenny huynh,4400000.0,106800000.0
10.0,1674148883923.0,sunihalinh69,Suni Ha Linh,334500.0,1300000.0
10.0,1674149223093.0,hoajulyy,Hoa July,17200.0,144400.0
10.0,1674148692913.0,builinhchiii,Bui Linh Chi,35200.0,554800.0
10.0,1674148435243.0,vitammyn_133,ğ‘»ğ’‚ğ’ğ’ğ’š ğŸ°,584600.0,9400000.0
10.0,1674149291827.0,shuuuu1710,HoÃ ng Gia HÃ¢n,158400.0,1600000.0
10.0,1674148604858.0,mita.boutique,MITA DAILY,42100.0,208500.0
10.0,1674148921009.0,baothytran,Bao Thy Tran,557700.0,4500000.0
10.0,1674149008474.0,ngtran_huyenmy,Nguyen Tran Huyen My,274200.0,1800000.0
10.0,1674148549254.0,nguyennewin,nguyen newin,135600.0,2900000.0
10.0,1674148982113.0,jethpoco,Jeth Poco,96600.0,2500000.0
10.0,1674148563843.0,kimboopham,KimBoo Pháº¡m,40700.0,501100.0
10.0,1674148711119.0,antretrau,ğŸ’Anna MatviichukğŸ’,2800000.0,48800000.0
10.0,1674148577513.0,hwajang.13,HWAJANG,34300.0,155700.0
10.0,1674149415665.0,freakyann99,Diana Truong,73300.0,1600000.0
10.0,1674148990562.0,diep.lez,âœ§ Diá»‡p LÃª âœ§,464000.0,9600000.0
10.0,1674148647285.0,sullinguyen_,ğ‘ºğ’–ğ’ğ’ğ’Š,54300.0,181000.0
10.0,1674150522375.0,_anhdun,ğŸ€Ãnh DÆ°Æ¡ngğŸ€,815100.0,19500000.0
10.0,1674148825270.0,tranmyuyen2912,Tráº§n Má»¹ UyÃªn,337200.0,3100000.0
10.0,1674148613802.0,katleenphanvo,Katleen Phan Vo,53700.0,357300.0
10.0,1674149463533.0,tamxiu,TÃ¢m XÃ­u,31100.0,164500.0
10.0,1674149332310.0,huonglulii,Lulii,484000.0,5500000.0
10.0,1674148513021.0,pphmy,Tráº§n Huyá»n,19200.0,326900.0
10.0,1674149314407.0,my_vanh,VÃ¢n ChÃ²e,2100000.0,55600000.0
10.0,1674148583531.0,sunht2309,Sun Ht,36800.0,289800.0
10.0,1674148520068.0,nabee.cutie,Nabee,379500.0,2300000.0
10.0,1674148610839.0,badbie.official,Badbie,1000000.0,23700000.0
10.0,1674148448073.0,only_meo,Nguyá»…n PhÆ°Æ¡ng Trinh,70800.0,405600.0
10.0,1674148599237.0,moclan2212,LÃ½ Má»™c Lan (ææœ¨ å…°),17600.0,189500.0
10.0,1674148936578.0,lytuchi,LÃ½ TÃº Chi ğŸ¦‹,16800.0,100200.0
10.0,1674148737559.0,emma1010_official,Emma,1200000.0,29700000.0
10.0,1674149227314.0,gigihuonggiang,Gigi Huong Giang,74700.0,773200.0
10.0,1674148869180.0,hoaminzy_hoadambut,HoÃ  Minzy,4600000.0,88200000.0
10.0,1674148563631.0,haotho512,Háº£o Thá» ğŸ°,4800000.0,74200000.0
10.0,1674148566033.0,ngochien239,Misa2309,69700.0,2500000.0
10.0,1674148760630.0,thaormy,thaormy,32100.0,563300.0
10.0,1674149221353.0,hanielam.103,LÃ¢m Ã HÃ¢n,143700.0,366400.0
10.0,1674150414128.0,chiingaos._,ğ–ˆğ–ğ–ğ–ğ–“ğ–Œğ–†ğ–”ğ–˜ ğŸ¼,534900.0,17100000.0
10.0,1674149186046.0,bidoraemon,Biyeu_,272700.0,2300000.0
10.0,1674149812391.0,thim.neee,ChÃªm,200.0,11900.0
10.0,1674148774986.0,po.trann77,Tráº§n Thanh TÃ¢m,3800000.0,93100000.0
10.0,1674148726792.0,baotramthieu,Thiá»u Báº£o TrÃ¢m,1600000.0,23400000.0
10.0,1674149255320.0,vukieuoanh.95,VÅ© Kiá»u Oanh,352200.0,2800000.0
10.0,1674149330879.0,13nhimsoc,Insta : nhimsoc13,105100.0,1600000.0
10.0,1674149149097.0,emmy_nguyen_,Emmy Nguyen,35800.0,184300.0
10.0,1674149245326.0,trbwnng,NgÃ²ng Ngá»c,287400.0,15100000.0
10.0,1674149120621.0,fan_ling1008,Fanling Daily,5882.0,50200.0
10.0,1674148612337.0,mcmisthy,Misthy,4600000.0,30500000.0
10.0,1674148973585.0,spookybaby.vn,Spookybaby.vn,93.0,144.0
10.0,1674149019349.0,linhmato,HÃ  Tháº£o Linh,1100000.0,10700000.0
10.0,1674149080435.0,chang.mie,ChangMie (Mie),2500000.0,37500000.0
10.0,1674148416713.0,uncover_official,Uncover Official,1100000.0,29600000.0
10.0,1674151099181.0,tangngoctuyet,TÄ‚NG NGá»ŒC TUYáº¾T ğŸ–¤,423200.0,5900000.0
10.0,1674148612806.0,haian1207,Háº£i An ğŸ¤,506100.0,15200000.0
10.0,1674148871761.0,dptmino,DÆ°Æ¡ng PhÆ°Æ¡ng Tháº£o,116600.0,1300000.0
10.0,1674149662339.0,gialinhnguyen.6,Gia Linh Nguyá»…n,587100.0,6500000.0
10.0,1674149002976.0,nguyenlydiemmai,nguyenlydiemmai,112200.0,1400000.0
10.0,1674148685419.0,chancloset93,CHAN.CLOSET ğŸ’¦ğŸ’¦ğŸ’¦,4650.0,60700.0
10.0,1674148635104.0,annaclothing,ANNA clothing,5554.0,20300.0
10.0,1674148672582.0,kartychang,Nguyá»…n Thá»‹ Tháº£o Trang,107200.0,1500000.0
10.0,1674148634595.0,nguyenminhtranggg,Nguyen Minh Trang,1100000.0,8400000.0
10.0,1674148856714.0,caraphuongnguyen,CARA,865900.0,13400000.0
10.0,1674148744574.0,nhung.gumiho,Nhung Gumiho,525500.0,5900000.0
10.0,1674149184658.0,nhyyng,LÃ½ Nguyá»…n Nhi,1300000.0,30300000.0
10.0,1674148826878.0,honganhh712,Há»“ng ÃnhğŸ¤,1100000.0,12000000.0
10.0,1674321137750.0,phuonganhle.17.09,PhÆ°Æ¡ng Anh âœ…,129700.0,683200.0
10.0,1674148603288.0,_kaylee_.tr,TÆ°á»ng Duy,191600.0,3900000.0
10.0,1674148641928.0,lizkimcuong1511,Liz Kim CÆ°Æ¡ng,778900.0,6300000.0
10.0,1674148541672.0,hurfstudio,HURFSTUDIO,2482.0,3736.0
10.0,1674148637182.0,dongnhi,ÄÃ´ng Nhi,1400000.0,11300000.0
10.0,1674148539226.0,vtkh2004,VÅ© Thá»‹ KhÃ¡nh Huyá»n,7900000.0,157800000.0
10.0,1674148566101.0,dongsuong,ÄÃ´ng SÆ°Æ¡ngğŸ’‹,94100.0,487600.0
10.0,1674148721689.0,phi.phuonganh,PhÃ­ PhÆ°Æ¡ng Anh,484700.0,5700000.0
10.0,1674148638763.0,lnglinggg,Thá»‹t chuağŸ™ˆ,215400.0,3000000.0
10.0,1674149623657.0,futuristix.official,FuturistiX,11200.0,89500.0
10.0,1674148578116.0,phamthu.official,Pháº¡m ThÆ°,195500.0,1500000.0
10.0,1674148682718.0,meenaxbae,Meena,1700000.0,12300000.0
10.0,1674148872666.0,mikolantrinh,Miko Lan Trinh,387500.0,4000000.0
10.0,1674150990955.0,thaohuongssh,Tháº£o HÆ°Æ¡ng,2900000.0,126100000.0
10.0,1674148611238.0,chaubui,Chau Bui,1600000.0,27100000.0
10.0,1674148666065.0,nhatquyhhh,Yiu,489600.0,6600000.0
10.0,1674148593010.0,khaofficial.vn,Pages: KHA. Insta: khaofficial,119600.0,732100.0
10.0,1674149369302.0,koise.studio,KoisÃ©.studio,589.0,3228.0
10.0,1674149964694.0,hathaohani,Háº¡ Tháº£o Hani,406400.0,3300000.0
10.0,1674148497210.0,quyenquibaby.naau,ğŸ…€ğŸ…„ğŸ…ˆğŸ„´ğŸ„½ ğŸ…€ğŸ…„ğŸ„¸ğŸ€,717700.0,11300000.0
10.0,1674148940258.0,iammeoangel,MÃ¨o Sao Hoáº£ ğŸ¾,3800000.0,93800000.0
10.0,1674148661017.0,emilyng_official,Ngon VÃ  Khoáº» CÃ¹ng Emily,435100.0,3800000.0
10.0,1674148542177.0,phuongwgiangg,PhÆ°Æ¡ng Giang,131700.0,1200000.0
10.0,1674149125539.0,caocaobycaochen,caocaobycaochen,77300.0,601400.0
10.0,1674148603507.0,lyxinhnhat,ğ™‡ğ™®ğ™­ğ™ğ™£ğ™ğ™£ğ™ğ™–ğ™©,441200.0,14600000.0
10.0,1674148540417.0,lucienguyenlove,Lucie nguyen,362000.0,6000000.0
10.0,1674149058446.0,dkmv.vn,DKMV BRAND,76100.0,163600.0
10.0,1674149050805.0,dravy13,Dra Vy,113000.0,3300000.0
10.0,1674149246100.0,elpisclothing,ELPIS Clothing,10100.0,13500.0
10.0,1674148640981.0,lehaanh3108,LÃª Háº¡ Anh,719000.0,8800000.0
10.0,1674148444398.0,vansat97,Tráº§n VÃ¢n,1100000.0,15900000.0
10.0,1674149128608.0,harrietdesigning,Harriet,401.0,1277.0
10.0,1674149081926.0,toonanana,Há»“ng Tuyáº¿t,161100.0,999000.0
10.0,1674149672426.0,thaoo_dangg,Tháº»o Tháº»o,92900.0,1100000.0
10.0,1674148583261.0,chipupu,Chi Pu,3200000.0,30400000.0
10.0,1674148567888.0,itsphuongly91,Itâ€™s PhuongLy,1278.0,15400.0
10.0,1674149415595.0,ivonedieulinh.official,Ivone Diá»‡u Linh,38200.0,560400.0
10.0,1674150073030.0,herlyshop,Herlyshop,32500.0,51300.0
10.0,1674148532943.0,labellestore,LaBelleStore,68000.0,421000.0
10.0,1674148750312.0,myhuyen_channel,Má»¹ Huyá»n Channel,1100000.0,11400000.0
10.0,1674148519748.0,nplinhh,Nplinh,98700.0,993100.0
10.0,1674148508463.0,tombiheo,Phuong Ha,116400.0,943100.0
10.0,1674148611134.0,doha_20.07,Äá»— Thá»‹ HÃ ,729600.0,19400000.0
10.0,1674148719635.0,thuylinnvu,Keomeo100lan,2747.0,10100.0
10.0,1674149253711.0,rubycharmm,Rubycharmmâœ¨,35500.0,441500.0
10.0,1674148888529.0,trangtrang.tran,T r a n g,20100.0,109900.0
10.0,1674148648527.0,lebong95,Le bong,9200000.0,211200000.0
10.0,1674148666992.0,lcling15,Lá»¥c Linh,847100.0,6900000.0
10.0,1674234859870.0,regods.club,Regods Club,112500.0,2000000.0
10.0,1674148610022.0,mosohali12,Mosohali,2889.0,23100.0
10.0,1674148612651.0,nganxumii,NgÃ¢n Xumii (review Ä‘á»“ body),14900.0,134000.0
10.0,1674149562868.0,dzungbiezhcm,Dzung Biez Store HCM,179.0,344.0
10.0,1674149666828.0,lingg2809,HÃ  ğŸ’‹,4700000.0,145700000.0
10.0,1674149118439.0,wyntracyyhihi,Wyn,146100.0,1100000.0
10.0,1674148851065.0,chauanh13702,LÃª Ngá»c ChÃ¢u Anh,209700.0,2600000.0
10.0,1674149127471.0,hangtrinh.luna,Luna,686800.0,16800000.0
10.0,1674148823347.0,llesuuu,Lesustore,437.0,9163.0
10.0,1674148672230.0,jukysan,Juky San,859100.0,10100000.0
10.0,1674149401821.0,yaya_truongnhi,Yaya Truong Nhi,561700.0,3800000.0
10.0,1674148967223.0,haingannnnnn,Tráº§n Háº£i NgÃ¢n,197600.0,1700000.0
10.0,1674149347958.0,im.lyy_,im.lyy_,58300.0,730000.0
10.0,1674149432979.0,hoaa.hanassii,ÄÃ o LÃª PhÆ°Æ¡ng Hoa,13600000.0,336200000.0
10.0,1674150266746.0,anzzuuuuuuuu,DÆ°Æ¡ng Vi,146500.0,2000000.0
10.0,1674150089176.0,khvan19,KhÃ¡nh VÃ¢n,1700000.0,37900000.0
10.0,1674148640244.0,dzudzudzu206,Duong Tu Anh,44100.0,256400.0
10.0,1674148619543.0,ennieph,Em Ennie hÆ¡i Ä‘iá»‡u,175000.0,940000.0
10.0,1674148451711.0,vngtam28,ğ“·ğ“°ğ“¸ğ“¬ ğ“½ğ“ªÌ‚ğ“¶ ğŸ¥´,393800.0,13000000.0
10.0,1674149112747.0,somaly_nguyen,somaly_ng,2346.0,578.0
10.0,1674148512116.0,tuyetofficial,TUYáº¾T Official,1200000.0,16400000.0
10.0,1674149103382.0,drimwe,DRIM-WE,22.0,110.0
10.0,1674148620060.0,djmievn,Dj Mie,7400000.0,117600000.0
10.0,1674149138423.0,salimhwg,Sa Lim,241600.0,2400000.0
10.0,1674149019045.0,millieduong,â™¡ ğ“¶ğ“²ğ“µğ“µğ“²ğ“® â™¡,5891.0,135200.0
10.0,1674149156178.0,kiekhah,miağŸ¤,44900.0,448900.0
10.0,1674148860008.0,msic.vn,Mom Says Iâ€™m Cool,123800.0,32400.0
10.0,1674148572538.0,thuykieu_2802,ThÃºy Kiá»u,1900000.0,22300000.0
10.0,1674148832570.0,mei.mei.19,Mei.Mei_,1028.0,23900.0
10.0,1674148664727.0,mcthanhthanhhuyen,MC Thanh Thanh Huyá»n,729100.0,16700000.0
10.0,1674148686144.0,tranghy.1603,tranghy.1603,1200000.0,7700000.0
10.0,1674148427276.0,yoona.fandc,Yoona F&C,92400.0,974600.0
10.0,1674148883759.0,khanhdol,Ngan Khanh,62500.0,158100.0
10.0,1674148602635.0,phuonglytran,PhÆ°Æ¡ng Ly Tráº§n,733300.0,7100000.0
10.0,1674148584346.0,midu_official,Midu ,1700000.0,11100000.0
10.0,1674148589973.0,huonggiangofficial,HÆ¯Æ NG GIANG,3300000.0,50700000.0
10.0,1674148547661.0,nguyenhuongly.official,Nguyá»…n HÆ°Æ¡ng Ly,4400000.0,48500000.0
10.0,1674148656505.0,truoghoagmaianh,TrÆ°Æ¡ng HoÃ ng Mai Anh,161300.0,1300000.0
10.0,1674148700688.0,hathu.official,HÃ€ THU,475100.0,5200000.0
10.0,1674148550573.0,hong_leee,ğŸ“ Há»“ng LÃª ğŸ“,1400000.0,20300000.0
10.0,1674149259841.0,dhoa133,Karlie ğŸ’–,514.0,7550.0
10.0,1674236373491.0,chau.kim.sang,Chau Kim Sang,25400.0,339100.0
10.0,1674148909515.0,thuydiary,Thuy Anh,3283.0,112200.0
10.0,1674148794533.0,thuxbao_,THÆ¯ PAO ğŸ»,578100.0,17200000.0
10.0,1674148745844.0,chanreen_mise,Chanreen.mise,547.0,337.0
10.0,1674148648910.0,liuuuliuu,Liuuuliuu,182100.0,1700000.0
10.0,1674148614850.0,annetran020202,Mary-Anne Tran,29500.0,189000.0
10.0,1674149523541.0,quanhbunny,Nguyá»…n Ngá»c Quáº¿ Anh,108000.0,977200.0
10.0,1674148602018.0,ruchandesign,Ruchandesign,3119.0,20800.0
10.0,1674149690601.0,ameemee_m,AMEE,1700000.0,12200000.0
10.0,1674151120004.0,gamkami,Gáº¥m Kami,9800000.0,178800000.0
10.0,1674148849534.0,hahongduyen,Háº¡ Há»“ng DuyÃªn,22700.0,194400.0
10.0,1674148738239.0,pukadv,Puka,2000000.0,13500000.0
10.0,1674150074168.0,dieunhiofficial,Diá»‡u Nhi,2800000.0,28400000.0
10.0,1674149229432.0,thocahouse,THOCAHOUSE,142100.0,1700000.0
10.0,1674148570871.0,phuongha96_,PhÆ°Æ¡ng HÃ ,62100.0,541500.0
10.0,1674148571360.0,ngolanhuong04,NgÃ´ Lan HÆ°Æ¡ng,732800.0,11000000.0
10.0,1674150515726.0,anvy.official,An Vy Official,696300.0,4600000.0
10.0,1674148605886.0,ngoc_kara90,Ngá»c Kara,251300.0,2200000.0
10.0,1674149058042.0,nguyenlevi,ğ—©ğŸ’•,65800.0,454900.0
10.0,1674148674405.0,daongoctran,ÄÃ o Ngá»c TrÃ¢n,54600.0,149000.0
10.0,1674148644896.0,_mia.ngn,Mia Nguyen âœ…,130500.0,2900000.0
10.0,1674148853434.0,donganhquynhh,Dong Anh Quynh,180900.0,1900000.0
10.0,1674149085398.0,junvu.official,JUNVU,527000.0,4100000.0
10.0,1674148611342.0,khanhvanofficial,KhanhVanOfficial,1600000.0,40500000.0
10.0,1674149036289.0,dramakinglndx,Linh Ngá»c ÄÃ m,5700000.0,114400000.0
10.0,1674148614088.0,caliestore,CALIE Store,119.0,1101.0
10.0,1674148558693.0,ilikeboutique,I.Like.Boutique,85.0,491.0
10.0,1674149244713.0,buibichphuongofficial,BÃ­ch PhÆ°Æ¡ng,1100000.0,5100000.0
10.0,1674148724144.0,maxyworkshop,MaxyWorkshop,1224.0,2028.0
10.0,1674235512453.0,moxyshop,MOXY,155900.0,1500000.0
10.0,1674148688858.0,vu.thanh.van,VÅ© Thanh VÃ¢n,68800.0,980200.0
10.0,1674149221751.0,kaityofficial,Kaity Nguyen,617400.0,3600000.0
10.0,1674149801223.0,zixinhdep,Zika_hilağŸ§šğŸ¿â€â™€ï¸,2300000.0,58600000.0
10.0,1674148672989.0,nghonghanh41,Háº¡nh Nguyá»…n Há»“ng,281100.0,5200000.0
10.0,1674148456318.0,thanhtranofficial,Thanh Tráº§n,1600000.0,34000000.0
10.0,1674148631063.0,etro.gang,Etro.Gang,3585.0,16100.0
10.0,1674148988299.0,cocosin.official,COCOSIN,28300.0,241800.0
10.0,1674148505309.0,xesi_official,XESI,450100.0,4600000.0
10.0,1674148610016.0,t.2204,ğ•¿ğ–šğ–“ğ–ğ– thÃ­ch cÆ°á»i ğŸ¥¬,613300.0,10700000.0
10.0,1674149346381.0,noo_store.vn,NooStore,1835.0,3457.0
10.0,1674148761310.0,lilly.luta,Lilly Luta,986500.0,5300000.0
10.0,1674148882470.0,xxme.vn,XXME OFFICIAL,13300.0,139600.0
10.0,1674148974828.0,slyclothing.vn,SLY,40300.0,182600.0
10.0,1674148428614.0,trangnhenhang910,Trang Nháº¹ NhÃ ng,18400.0,140800.0
10.0,1674148628895.0,ribisachi36,Ribi Sachi,1300000.0,6500000.0
10.0,1674148997108.0,quincquynhchau,Cháº¿ Ng Quá»³nh ChÃ¢u,201900.0,2800000.0
10.0,1674148597949.0,nhilay1size,@Nhi Láº§y ğŸ­,2900000.0,53300000.0
10.0,1674148401735.0,vivianhoang209,VÃ• HOÃ€NG Yáº¾N,2300000.0,42200000.0
10.0,1674148623449.0,rubynguyen.14,ğŸ”± Ruby Nguyá»…n ğŸ”±,121800.0,1000000.0
10.0,1674149347104.0,freedyhomeweardesign,Freedy Homewear,622.0,1933.0
10.0,1674149139066.0,hennieofficial,Hen Nie,1300000.0,18100000.0
10.0,1674148670900.0,charme_store,Charme Store,83700.0,508900.0
10.0,1674149729817.0,bau.krysie,Bau Krysie,430200.0,4900000.0
10.0,1674148895362.0,25mihustore,25Mihustore,960.0,12500.0
10.0,1674148525305.0,palette.accessories,Tiá»‡m trang sá»©c PALETTE,3.0,37.0
10.0,1674149805885.0,phuonglinhvo97,Plinhhhhh,18300.0,71900.0
10.0,1674148960832.0,missxushop,missxushop,63.0,49.0
10.0,1674149918701.0,zinniaboutique,Zinniaboutique,162.0,81.0
10.0,1674148916445.0,sheshoes.vn,GiÃ y cÆ°á»›i SHE SHOES,10000.0,15600.0
10.0,1674148760572.0,fm.com.vn,FM STYLE,15900.0,63600.0
10.0,1674234823891.0,jitee.store,jitee.store,56.0,164.0
10.0,1674148537215.0,lyrashop,LYRA SHOP,57900.0,459400.0
10.0,1674148742764.0,moe1m77,MoÃ¨ 1m77,398600.0,3400000.0
10.0,1674148528421.0,xuannnmai,maii,943400.0,8000000.0
10.0,1674150505826.0,mixmix.vn,Mixmix,91.0,133.0
10.0,1674148593645.0,hana.mynhan,TrÆ°Æ¡ng Má»¹ NhÃ¢n,349500.0,6100000.0
10.0,1674148923113.0,bychloenguyen,Chloe Nguyen,109900.0,1100000.0
10.0,1674149465004.0,jiin.store_,jiin.store_,116000.0,1100000.0
10.0,1674148688893.0,dieuanh.mocdang,ğŒğğ‚ ğƒğ€ğğ†,154100.0,1900000.0
10.0,1674149202923.0,myanstore,MYAN,35600.0,115100.0
10.0,1674149422085.0,nguyenyunie97,NguyÃªn Yunie ğŸ§€,21900.0,68400.0
10.0,1674148447791.0,upzstore,UPZ,7719.0,16200.0
10.0,1674151080776.0,tieu_hy26,Tiá»ƒu HÃ½,2800000.0,39400000.0
10.0,1674148488026.0,qunhlem,âœ¯â™¡ sody â™¡âœ¯,4526.0,163800.0
10.0,1674149165018.0,oia.studios,oia.studios,35100.0,249500.0
10.0,1674149080231.0,byjolievn,Byjolie,2546.0,54000.0
10.0,1674148880701.0,azeyyyyyy_,GÃ¡i máº·t cÄƒng ğŸ§ğŸ»â€â™€ï¸,175500.0,3100000.0
10.0,1674148916646.0,mayboutique,May Boutique,44200.0,362400.0
10.0,1674148606429.0,degrey.vn,CHÃš CÃ,76200.0,474300.0
10.0,1674148709882.0,thienthysaint98,â™¡ ThiÃªn Thy Saint â™¡,324200.0,3300000.0
10.0,1674149121274.0,shevietnam.vn,Shevietnam,216.0,1939.0
10.0,1674148719268.0,_lotusnie,lotusnie,16500.0,170800.0
10.0,1674149263636.0,titishop.vn,Titishop.vn,1481.0,16300.0
10.0,1674148707917.0,lienhuong212,Nguyá»…n HÆ°Æ¡ng LiÃªn,474700.0,10300000.0
10.0,1674149013210.0,hienanh_99_,Hiá»n Anh ğŸ‘»,1000000.0,12000000.0
10.0,1674148517738.0,miemyii,HÃ  My ( Miemyi ),159800.0,1900000.0
10.0,1674148722063.0,touyn.tomie,tÃ´ mÃ¬ xiaomÃ¬,6320.0,174500.0
10.0,1674149159802.0,kengx3,Kengx3,200.0,1212.0
10.0,1674150457243.0,1oak.club,1oak.club,8286.0,83700.0
10.0,1674148619943.0,dongthy_1010,ÄÃ´ng Thy,236000.0,4400000.0
10.0,1674148584562.0,iamgauzoan,iamgauzoan,3548.0,12200.0
10.0,1674149517805.0,khanhngoc_99_,KhÃ¡nh ngá»c,353500.0,3900000.0
10.0,1674149578451.0,tifdowny,TIF DOWNY ğŸ±ğŸ’‹,101500.0,3400000.0
10.0,1674148564378.0,hynkahen,Hen âœ¨,4975.0,99700.0
10.0,1674150264076.0,coccachshop,COCCACH â€¢ STREETWEAR,11000.0,101400.0
10.0,1674148877675.0,vunhatlinh_,VÅ© Nháº­t Linh â˜˜ï¸,124300.0,1400000.0
10.0,1674148542358.0,plastic.worldwide,Plastic World Wide,2665.0,13700.0
10.0,1674148870079.0,teeholic.sg,GIA ÄÃŒNH THS,74600.0,1300000.0
10.0,1674150269732.0,enhhu25,enhhu,9957.0,33400.0
10.0,1674148618017.0,nguyencaokyduyen1311,Nguyen Cao Ky Duyen,934900.0,14600000.0
10.0,1674235142537.0,minhtrieu2204,Pham Dinh Minh Trieu,89700.0,1500000.0
10.0,1674149770670.0,baokhuyensusan,Báº£o KhuyÃªn,662400.0,13100000.0
10.0,1674148591777.0,bloomode,bloomode,3903.0,38200.0
10.0,1674148666263.0,_minghang,Minghang,217.0,401.0
10.0,1674148555826.0,missoutclo,MISSOUT CLO,83200.0,719200.0
10.0,1674150043047.0,dodo18_home,DODO18 HOME,118.0,591.0
10.0,1674148529363.0,meichan02,meichannnnn,236900.0,4200000.0
10.0,1674148741792.0,dalla.saigon,Dalla Saigon,5867.0,33400.0
10.0,1674149119696.0,heradg.fashion,HeraDG Fashionâœ…,364.0,3151.0
10.0,1674148869538.0,hienhoofficial,Hiá»n Há»“,1800000.0,13200000.0
10.0,1674148872254.0,vokieuvansinger,VÃ• KIá»€U VÃ‚N,471300.0,3700000.0
10.0,1674148721014.0,nhikaty.0801,Nhi Katy,460700.0,4100000.0
10.0,1674148847404.0,realnavna,Lena  ğŸ¶âœ¨,615600.0,8400000.0
10.0,1674148995663.0,baoni_8104,Ni ni nÃ¨ ğŸ‘‰ğŸ»ğŸ‘ˆğŸ»TwinsğŸ‘¯â€â™€ï¸,355300.0,4700000.0
10.0,1674148601828.0,nhanthupham,Nhan Thu Pham,87.0,332.0
10.0,1674148619304.0,ngocthanhtamofficial,Ngá»c Thanh TÃ¢m,739600.0,12800000.0
10.0,1674148520503.0,shebyshj,She by Shj ,5508.0,16700.0
10.0,1674149474960.0,namem.official,Nguyá»…n Lá»‡ Nam Em,550400.0,6400000.0
10.0,1674148842082.0,vyphamofficial,Vy Pham,1200000.0,14200000.0
10.0,1674149133995.0,gabong1504,Pháº¡m Thanh Huyá»n,4186.0,14100.0
10.0,1674148653005.0,minanguyenxx,Mina nguyen,6227.0,19800.0
10.0,1674148744130.0,errorist.ltd,errorist.ltd,9836.0,177800.0
10.0,1674148685061.0,rimmydesign,Rimmy_Chá»¥páº£nh_khÃ´ngkhÃ³,564.0,9037.0
10.0,1674148564133.0,mignonne.inc,mignonne,28500.0,463500.0
10.0,1674148499801.0,lienanhng,Lien Anh Nguyen,3154.0,24900.0
10.0,1674149032378.0,lynhci,Cugaiquemuakhongbittrendlagi,42900.0,453100.0
10.0,1674148723370.0,kiwikimquy,Kiwi Kim QuÃ½,1800000.0,35800000.0
10.0,1674149995574.0,hanhchipp97,Háº¡nh Tráº§n,46000.0,562500.0
10.0,1674148592460.0,william.boutique,William Boutique,58.0,86.0
10.0,1674148686803.0,thelstudios,THE L STUDIOS,4878.0,34800.0
10.0,1674148624019.0,marvinle.official,Marvin Le,98.0,1191.0
10.0,1674148874197.0,anhabiii,Ãnh Abi,223500.0,5900000.0
10.0,1674149048105.0,dinhtrangthao03,Äinh Trang Tháº£o,7700000.0,260200000.0
10.0,1674149076638.0,bama.bag,BAMA BAG,12600.0,13400.0
10.0,1674150238756.0,forher.store,ForHer Store,381.0,1364.0
10.0,1674148419528.0,sovintage.vn,SÃ² Vintage,5004.0,469.0
10.0,1674234806593.0,j.uuuuudy,JUDY,33300.0,1500000.0
10.0,1674148580050.0,hongocha2511,Há»“ Ngá»c HÃ ,931700.0,6700000.0
10.0,1674149392250.0,rachstore,RÃCH STORE,217200.0,3900000.0
10.0,1674149276817.0,nha.lem,PHAN LEM (IG : _lem141),309900.0,5700000.0
10.0,1674150241529.0,nguyenminhha_,Nguyá»…n Minh HÃ ,120600.0,1400000.0
10.0,1674148620224.0,hamyyng,HÃ MyyğŸ°,154100.0,2800000.0
10.0,1674149207968.0,maithihue0810,âš”ï¸ğŸ”¥ MÃ­t ğŸ”¥âš”ï¸,797500.0,15700000.0
10.0,1674148587819.0,highclub.vn,Highclub.vn,226400.0,8000000.0
10.0,1674148893796.0,aither.studio,Aither Studio,26600.0,23300.0
10.0,1674150085073.0,mayberoom_official,Mayberoom,742.0,965.0
10.0,1674148511226.0,ribbon.workshop,Ribbon,901.0,1298.0
10.0,1674149250132.0,loviiecorner.shoes,Loviie Corner,241700.0,1700000.0
10.0,1674148701278.0,decoco.accessories,Tiá»‡m Trang Sá»©c De Coco,220400.0,2800000.0
10.0,1674148723765.0,271204.v,CemchiseeğŸ§,301900.0,4400000.0
10.0,1674148483503.0,lyliiok,Ly Lii,8679.0,362400.0
10.0,1674149317519.0,chodole,Chodole,16200.0,53600.0
10.0,1674149506873.0,minhhang2206,Minh Háº±ng,1000000.0,6400000.0
10.0,1674148533625.0,vylaii97,TÆ°á»ng Vi,315200.0,4600000.0
10.0,1674148538821.0,nguyenxuanbaohan,Baohanhan,34900.0,473800.0
10.0,1674148629610.0,adriedrose104,trangtran,58800.0,744000.0
10.0,1674148856166.0,hamystoree.vn,Hamy xin chÃ o,431.0,769.0
10.0,1674148541946.0,usthebasic,USTHEBASIC,274.0,148.0
10.0,1674148605605.0,wiwinguyen,WIWI,310.0,3790.0
10.0,1674148813609.0,thuthuy.official,Ca sÄ© Thu Thuá»· Official,345300.0,2700000.0
10.0,1674149072719.0,nene_clothing,Nene Clothing,2936.0,12000.0
10.0,1674149361741.0,phanhlee.90,PhÆ°Æ¡ng Anh LÃª,88700.0,322800.0
10.0,1674148534113.0,laminapparel,laminapparel,11700.0,55700.0
10.0,1674150248665.0,leohomepage,LEO's clothing,2633.0,593.0
10.0,1674148726045.0,myminion3,Má»¹ Má»¹,3922.0,14900.0
10.0,1674150086145.0,vyhoang._,Vy HoÃ ng,11200.0,240100.0
10.0,1674148464374.0,tu_nini1986,tu_nini1986,34700.0,433400.0
10.0,1674148574749.0,hongnhung020997,Há»“ng Nhung Tráº§n,1300000.0,21300000.0
10.0,1674148710719.0,sobinaafootwear.sg,Sobinaafootwearsg,101.0,181.0
10.0,1674148899218.0,nghitheavocado,Tran Gia Nghi,28500.0,301600.0
10.0,1674148465235.0,tyhdisanalien,Nguyá»…n ThÃ¹y DÆ°Æ¡ng,139200.0,2200000.0
10.0,1674148723057.0,karen.nng,Karen.nng,171700.0,1300000.0
10.0,1674149491184.0,lexuanthao_,LÃª XuÃ¢n Tháº£o,45500.0,140500.0
10.0,1674149071027.0,_xotit_,XOTIT â˜‘ï¸,2000000.0,29800000.0
10.0,1674149557516.0,minxinhdep.42,Nguyá»…n Chi,3368.0,13600.0
10.0,1674148781767.0,imkhangan,Kháº£ NgÃ¢n,350200.0,3300000.0
10.0,1674149859313.0,levents.vn,Levents,495400.0,6000000.0
10.0,1674148922226.0,gaigarden,Máº¯t KÃ­nh Gaigarden,6421.0,20400.0
10.0,1674149108563.0,sherryquynh_2903,Sherry Quá»³nh,1560.0,15500.0
10.0,1674150280766.0,outfixsaigon,Outfix Saigon,126.0,522.0
10.0,1674148613901.0,lome.isilme,lome.isilme,1145.0,1902.0
10.0,1674148570374.0,kidostudiowear,KIDO STUDIOWEAR,10200.0,88900.0
10.0,1674149546366.0,namthu.official,Tráº§n Nam ThÆ°,1100000.0,7300000.0
10.0,1674149263077.0,basicbae.98,Basicbae.98,192.0,430.0
10.0,1674148426689.0,yni.channn,Nhi Chan,400.0,5122.0
10.0,1674150911455.0,vintace.ci,Vintace.ci,192000.0,8700000.0
10.0,1674149346642.0,evastore88,EVA,9745.0,19700.0
10.0,1674148889214.0,leechieee,LÃª Chi,9050.0,115000.0
10.0,1674148472762.0,tiembac21centimeters,Tiá»‡m báº¡c 21 Centimeters,612.0,1521.0
10.0,1674149948430.0,lynnkenz,Lynnkenzz,237100.0,4000000.0
10.0,1674148622594.0,ngoc.matcha,Ngá»c Matcha â˜˜ï¸,4000000.0,140000000.0
10.0,1674148496850.0,revolutionclothing.vn,revolutionclothing.vn,4780.0,15200.0
10.0,1674148541393.0,yau.yau.26,PhÆ°Æ¡ng Thanh Nguyá»…n,41100.0,555900.0
10.0,1674148519187.0,kiobi.vn,KIOBI CLOTHING,134.0,252.0
10.0,1674148625378.0,cchatclothes,CChat Clothes,31600.0,29100.0
10.0,1674234880825.0,fridayshop.tiktok,Fridayshop,11700.0,54200.0
10.0,1674148623894.0,lenclothing,lenclothing,4600.0,31400.0
10.0,1674148575839.0,tiiienle,Tien Le ğŸ’–,51900.0,1400000.0
10.0,1674148541020.0,nhungbumxynk,Nhung Bum ğŸ€,7886.0,132300.0
10.0,1674148641597.0,ssstutterdaily,SSStutter_Daily,3678.0,23100.0
10.0,1674148972721.0,myanhtruongg,Má»¹ Anh,57500.0,621100.0
10.0,1674149060227.0,lanaofficial.vn,LANA VIETNAM,27300.0,137500.0
10.0,1674148717397.0,edini.vn,edini.vn,311.0,416.0
10.0,1674148937697.0,rubiessg,RUBIES,365.0,430.0
10.0,1674148566230.0,miaritta,mia ritta,7841.0,47700.0
10.0,1674148633856.0,thebluetshirt,TheBlueTshirt,2911.0,29800.0
10.0,1674149595712.0,t.my06,â¤CÃ´ Má»¹ Cute â¤ï¸,38400.0,386100.0
10.0,1674148641506.0,duongtubinh,DÆ°Æ¡ng TÃº BÃ¬nh,153.0,245.0
10.0,1674148350413.0,wendysuachua,Wendy â¤ï¸,207300.0,1000000.0
10.0,1674149060158.0,havadarkwear,Hava Darkwear,2056.0,273.0
10.0,1674148679779.0,222.boutique,222.boutique,10200.0,1942.0
10.0,1674149362077.0,vmhuong94,VÄƒn Mai HÆ°Æ¡ng,289600.0,2600000.0
10.0,1674149155844.0,suriaccessories,Suri Accessories,33200.0,131800.0
10.0,1674148545145.0,ninhduong.lanngoc,Ninh DÆ°Æ¡ng Lan Ngá»c,3300000.0,29500000.0
10.0,1674148577376.0,olv.boutique,OLV Boutique,2759.0,2514.0
10.0,1674149702881.0,thedelia_official,Thedelia.official,149300.0,245800.0
10.0,1674148653745.0,louiis.ha,LÆ°u Ã DÃ¹m,3482.0,113700.0
10.0,1674148578279.0,quely94,Cá» Ly,3000000.0,92700000.0
10.0,1674148455069.0,whitesonclub,whitesonclub,2465.0,34300.0
10.0,1674149257819.0,hion.storee,Hion Store ( IG hion.storee ),26000.0,100900.0
10.0,1674148541453.0,rechicbrand,Rechicbrand,84.0,106.0
10.0,1674148524625.0,yucherrystore,Yucherrystore,178.0,295.0
10.0,1674149600687.0,powboii,Powboii,218700.0,2500000.0
10.0,1674148614489.0,phamthanhhang,Thanh Háº±ng,548800.0,4000000.0
10.0,1674148680749.0,swe.vn,swe.vn,334900.0,2300000.0
10.0,1674148980950.0,faya_bags,Faya Bags review,193.0,109.0
10.0,1674149111767.0,urbanmonkey420,URBAN MONKEY$,19900.0,141100.0
10.0,1674148608348.0,baecodeclothing,BAECODE CLOTHING,274.0,1531.0
10.0,1674149235065.0,coemtrendy,coemtrendy,5129.0,173900.0
10.0,1674148715012.0,watchesbytif,Äá»’NG Há»’ (Xá»‘py: Tifwatches),5139.0,15400.0
10.0,1674236379443.0,thuytrang.model,thuytrang.model,6333.0,50100.0
10.0,1674149035361.0,beachclub.official,Beachclub.official,10200.0,42200.0
10.0,1674149166821.0,lilasblancnightwear,lilasblanc.nightwear,184.0,228.0
10.0,1674234790139.0,heyiamlinda,Linda Ngo,4800000.0,215700000.0
10.0,1674148912449.0,_t.imt.im,TÃ­m TÃ­m,30000.0,304900.0
10.0,1674148575420.0,greyb.vn,Grey.B,16400.0,174500.0
10.0,1674148603768.0,dii_collection,DII COLLECTION,22100.0,416.0
10.0,1674148636917.0,peyjey.v,Peyjey.v,91.0,485.0
10.0,1674148518845.0,seduisant.rev,Seduisant.rev,182.0,224.0
10.0,1674148821003.0,nieyo.sg,NieYo,1990.0,10100.0
10.0,1674149851907.0,gagobrand,GAGO BRAND,1173.0,254.0
10.0,1674148576267.0,fleur.studio,fleur.studioo,3636.0,34400.0
10.0,1674148662124.0,ponivibe,IG: ponivibe.official,44700.0,531700.0
10.0,1674149079054.0,sakepoche,sakepoche,12.0,18.0
10.0,1674148646446.0,clickclub.official,Clickclub,2181.0,6775.0
10.0,1674236696234.0,thuanh.hehe,thuanh.hehe,50600.0,214400.0
10.0,1674148657150.0,luongthuylinh_,LÆ°Æ¡ng Thuá»³ Linh,295100.0,8100000.0
10.0,1674149972110.0,dottie_store,Dottie,23700.0,126200.0
10.0,1674148700223.0,floralpunkofficial,floralpunk,3005.0,2070.0
10.0,1674148544835.0,reminder.sg,Reminder.sg,34400.0,237800.0
10.0,1674149180776.0,totetalk,totetalk,53.0,247.0
10.0,1674149489107.0,doublemoonshot,doublemoonshot,387.0,1259.0
10.0,1674149451037.0,morningwarning,morningwarning,4183.0,6187.0
10.0,1674149565917.0,imaaychi,ig: i.maychi,84400.0,1200000.0
10.0,1674150206825.0,the19club,the19club,625.0,468.0
10.0,1674149533620.0,sheeshomewear,Shee's Homewear,60.0,388.0
10.0,1674152011882.0,theviciouskids,Theviciouskids,1016.0,345.0
10.0,1674148595936.0,shopcat.vn,C.A.T BOUTIQUE,1072.0,982.0
10.0,1674148562421.0,kkfashionvn,K&K Fashion,120200.0,2300000.0
10.0,1674149227920.0,bachlieen,BÃ¡ch LiÃªn,145600.0,2300000.0
10.0,1674148725903.0,gonpinkk,gonpinkk,606300.0,32900000.0
10.0,1674149402194.0,imagodbreaker,iMA God Breaker Streetwear,79700.0,772000.0
10.0,1674149319616.0,thesugartown.vn,thesugartown,1369.0,25400.0
10.0,1674148508977.0,owst.studio,OH Wonder Studio,39400.0,750900.0
10.0,1674148715331.0,dearjose.xo,DEAR JOSEÌ Â®,76800.0,740000.0
10.0,1674148619318.0,lyiee__,ğ˜“ğ˜ºğ˜ªğ˜¦ğ˜¦ lÃ  lÃ¡ la â™ª( Â´Î¸ï½€)ãƒ,16000.0,149100.0
10.0,1674148451803.0,tralifashion,Trali Fashion,193.0,100.0
10.0,1674148599963.0,outerity.sg,OUTERITY,146700.0,815700.0
10.0,1674235182042.0,.viviha,ğ“ğ“°ğ“¾ğ”‚ğ“®Ì‚Ìƒğ“·ğ“£ğ“±ğ“²Ì£ğ“—ğ“ªÌ€ğ“¥ğ“²,11600.0,110300.0
10.0,1674148646249.0,ledacollection,LEDA Collection,264000.0,2600000.0
10.0,1674149484974.0,insaneclo.sg,Insane Clo,124700.0,2000000.0
10.0,1674148616201.0,hagn.trann_,Háº±ng Tráº§nn,1200000.0,11100000.0
10.0,1674148581598.0,mayyfashion,Mayyfashion,1923.0,331.0
10.0,1674148472090.0,tutustore,TuTu Store,7250.0,14500.0
10.0,1674148622140.0,nthuy.vi0405,Nguyá»…n Thuá»³ Vi,97900.0,353800.0
10.0,1674149101122.0,rubystore.sg,Rubystore.sg1,83200.0,273400.0
10.0,1674149114323.0,lepvn,Lepâ€™ Dress,16800.0,50500.0
10.0,1674148919989.0,ranverbae.official,RVB,1665.0,33.0
10.0,1674148588185.0,kimwean.sg,Kimwean Store,37.0,149.0
10.0,1674148690981.0,gindy.fashion,Gindy Fashion,210.0,973.0
10.0,1674148649481.0,hades.studio,HADES STUDIO,54000.0,536300.0
10.0,1674148551783.0,nemfashion.official,NEM FASHION,7413.0,32000.0
10.0,1674148572645.0,hoangyentp,Tráº§n Phan HoÃ ng Yáº¿n,654900.0,11100000.0
10.0,1674148511469.0,maikyhan,Mai Ká»³ HÃ¢n,30900.0,292800.0
10.0,1674148557791.0,lamerfashion,Lamer Fashion,12800.0,10200.0
10.0,1674148863412.0,ontop.localbrand,ONTOP,99200.0,88100.0
10.0,1674148525888.0,tiela.clothes,Tiela,26800.0,269300.0
10.0,1674148730086.0,dodi.dindon,dodi.dindon,1.0,7.0
10.0,1674149157143.0,nguyen.atelier,Nguyen.atelier,6.0,36.0
10.0,1674149678249.0,whitelazz,Whitelazz,3240.0,34300.0
10.0,1674148637035.0,thedoubleii,thedoubleii,1161.0,4960.0
10.0,1674148578040.0,lannjewelryvn,LANN Jewelry,2123.0,39800.0
10.0,1674149013293.0,miganto.official,Miganto,19900.0,85300.0
10.0,1674148580197.0,twenti.vn,Twenti.vn,34800.0,436100.0
10.0,1674148695195.0,tjuofficial,Tju_official,5827.0,1168.0
10.0,1674149578818.0,khuyenniee,ğ“ğ“°ğ“¸Ì£ğ“¬ ğ“šğ“±ğ“¾ğ”‚ğ“®Ì‚ğ“·,60100.0,907700.0
10.0,1674148663409.0,chudada_16,Chuu Dieu Huyen,6211.0,23700.0
10.0,1674148676996.0,jem.closet,Jem Closet,131800.0,1800000.0
10.0,1674148711194.0,verus.wristband,Verus Wristband,13100.0,198600.0
10.0,1674148847346.0,xipi.vn,XIPI,1986.0,2088.0
10.0,1674149260560.0,bustubigsize,BUstu Bigsize,164.0,284.0
10.0,1674148694021.0,monotalkvn,Mono Talk,1406.0,10600.0
10.0,1674148731344.0,boldbikinivn,BOLD BIKINI SWIMWEAR,696.0,14000.0
10.0,1674149004884.0,tosonfashion,Tosonfashion,238.0,1347.0
10.0,1674148759027.0,mixshophcm,Mix-Shop Hcm,1204.0,647.0
10.0,1674148927477.0,devons.studio,Devons.studio,2812.0,3253.0
10.0,1674150222276.0,glk168,Linh Pii,2200000.0,39400000.0
10.0,1674148721039.0,ab_house_7,Ab_house,135100.0,765800.0
10.0,1674149092549.0,hariwonday,Hari Won(ì›í•˜ë¦¬),3500000.0,40600000.0
10.0,1674149246077.0,jubinstudio,Jubin Studio,21900.0,371300.0
10.0,1674148537130.0,thedoomsday.vn,thedoomsday.vn,1412.0,5599.0
10.0,1674150350351.0,trangsucdebac,Dáº¾ Báº C OFFICIAL,21100.0,98200.0
10.0,1674148555429.0,nobsilver,nobsilver306,48700.0,874700.0
10.0,1674148602091.0,dincoxofficial,Dincox Official,57.0,152.0
10.0,1674149529976.0,bangnganfoto,BÄƒng NgÃ¢n Há»©a,74800.0,1000000.0
10.0,1674148927927.0,olala.studio,Olala Studio,368.0,6299.0
10.0,1674149271666.0,5am.saigon,5am.saigon,12500.0,133600.0
10.0,1674150758795.0,blackmiack,BM couple ne,236500.0,5200000.0
10.0,1674149259203.0,jennymalc,Malcolm,7128.0,435000.0
10.0,1674149318249.0,petbychang2011,Petbychang,55300.0,182400.0
10.0,1674149080125.0,tiemcaiquan,Tiá»‡m CÃ¡i Quáº§n,168300.0,2500000.0
10.0,1674148890353.0,minbyann.studio,Min by Ann,6917.0,50800.0
10.0,1674149311535.0,kinhmatjimmycharice,Jimmy & Charice,55600.0,156300.0
10.0,1674148704225.0,youandyourshop,You And Your Shop,171.0,363.0
10.0,1674148831162.0,tipblu.vn,tipblu,8804.0,87700.0
10.0,1674148842520.0,eleanor.vn,Eleanor Accessories,207.0,304.0
10.0,1674150036121.0,themavensaigon,The MAVEN Saigon,2235.0,1057.0
10.0,1674148660413.0,clownzvn,ClownZ,24000.0,250700.0
10.0,1674234730295.0,clelie.vn,CLÃ‰LIE,12900.0,40500.0
10.0,1674148804249.0,eulachamday,báº¯m,7931.0,51300.0
10.0,1674150307915.0,moochou.vn,NÃ ng thÆ¡ thÃ nh thá»‹,1187.0,486.0
10.0,1674149249244.0,lilyeyewear,Kinh Mat Lily,66400.0,1100000.0
10.0,1674148679830.0,hthuy_toui,hthuy_toui1,45100.0,1500000.0
10.0,1674148921437.0,gihy.lumos,Gihy.lumos,2524.0,3225.0
10.0,1674149177168.0,fiona.accessories,Cá»­a hÃ ng phá»¥ kiá»‡n Fiona,4942.0,19000.0
10.0,1674150022881.0,lechi.official,LÃª Chi,177200.0,2200000.0
10.0,1674148726557.0,.chang200_4,Nguyá»…n Thá»‹ Há»“ng Tháº¯m,631100.0,6700000.0
10.0,1674148660400.0,poesi.vn,poesi.vn,483.0,11200.0
10.0,1674148667531.0,pagina.studio,PAGINA,5557.0,28500.0
10.0,1674148849166.0,darlingismconcept,darling.ism,209000.0,2500000.0
10.0,1674150155810.0,tuanhthichanbundau,NgÆ°á»i chÆ¡i há»‡ review,185600.0,3200000.0
10.0,1674148644072.0,kate_by_linh_nguyen,Kate_By_Linh_Nguyen,116.0,374.0
10.0,1674148662721.0,fuwafuwayi_,Máº¡c PhÆ°Æ¡ng Vi ráº¥t iu Xiao,170100.0,6400000.0
10.0,1674148644043.0,fakenth,Nguyá»…n Thu HÆ°á»ng ğŸ¤,693600.0,18500000.0
10.0,1674149663518.0,nga_wendy,N G A,8135.0,70300.0
10.0,1674148810106.0,ddreamer.jewelry,Trang Sá»©c Báº¡c 925 Ddreamer,611.0,1131.0
10.0,1674148822405.0,vietgangz.original,Vietgangz Origial,38700.0,804200.0
10.0,1674148922634.0,tiin.moment,Tiin Store,21200.0,464400.0
10.0,1674150283101.0,nhakholiti,NhÃ  Kho Liti,41.0,38.0
10.0,1674148813796.0,senyda.jewelry,Senyda Jewelry,5.0,8.0
10.0,1674148677267.0,l.ii.n_clothingtamkhuong,L.ii.n_ClothingTamKhuong,106.0,87.0
10.0,1674148732206.0,embesue,ğŸ’«ğŸ’œ Mai Má»¹ UyÃªn â„ï¸âœ¨,19400.0,252000.0
10.0,1674148553126.0,pthv5,ğŸ”®Tiá»ƒu VyyğŸ”®,2300000.0,40000000.0
10.0,1674148721548.0,d.chic_official,D.CHIC_Official,833.0,721.0
10.0,1674148747366.0,hani.clothing,HaNi,1071.0,7456.0
10.0,1674149309862.0,asapprettymary,maroomalllaav,8647.0,76700.0
10.0,1674149159146.0,emwearvn,Emwearvn,220.0,132.0
10.0,1674148872074.0,teeworld.offical,Teeworld Offical,1904.0,58800.0
10.0,1674149336978.0,lilygumi,lilygumi,291100.0,2300000.0
10.0,1674148655339.0,atous.clothing,Ã€ Tous Clothing,30.0,145.0
10.0,1674148813330.0,8yostudio,8YO,47900.0,408300.0
10.0,1674149525526.0,kimanh6197,Kim Anh,121100.0,1600000.0
10.0,1674148557723.0,draconids.mf1111,ğŸŒŸ DRAYğŸŒŸDoÃ£n Quá»‘c Háº¡ Nhi cá»c,491900.0,16000000.0
10.0,1674148937971.0,veosbykhanh,VEOâ€™S,5295.0,12000.0
10.0,1674148606260.0,quynhnhu__1,Nguyá»…n Thá»‹ Quá»³nh NhÆ°,246.0,940.0
10.0,1674149182683.0,1996.byhiin,1996.byhiin,2002.0,13800.0
10.0,1674148984199.0,meh_studio,MEH_STUDIO,23.0,255.0
10.0,1674148633370.0,her25officical,HER25,234500.0,3500000.0
10.0,1674149148029.0,ariustees,Outfits by Ariustees,32.0,615.0
10.0,1674148677258.0,calmbunny,CALMBUNNY,17000.0,69600.0
10.0,1674148527474.0,tebivietnam,Tebi,823.0,828.0
10.0,1674149742645.0,ryactiveofficial,RYACTIVE,47900.0,75000.0
10.0,1674148628974.0,narcystudio,Narcystudio,43.0,47.0
10.0,1674148466627.0,richness.studio,RICHNESS WORLDWIDE,16700.0,173800.0
10.0,1674149294169.0,nha.banhh,BÃ nh Housee,3199.0,85500.0
10.0,1674149929296.0,ldv.officiel,Lesavril de Vetements,20400.0,18100.0
10.0,1674148606646.0,toptify,Toptify,9192.0,1204.0
10.0,1674148888581.0,by.tranghoangth,tá»§ Ä‘á»“ sáº¯c mÃ u ğŸ­,153.0,3657.0
10.0,1674149917578.0,nowsaigon,NOWSAIGON,21600.0,13800.0
10.0,1674148727062.0,and.casually19,AND CASUALLY,8678.0,1490.0
10.0,1674148570482.0,lonascorner,Lona's Corner,11700.0,16800.0
10.0,1674150212947.0,cara.club,caraclub,4450.0,36200.0
10.0,1674148603857.0,cecicela.official,Ceci Cela,15100.0,13000.0
10.0,1674149092571.0,pur.bras,pur.braslove,17.0,92.0
10.0,1674149585873.0,sgzupstore,SAIGONZUP Store & Uniform,21.0,619.0
10.0,1674148648755.0,siblinghouse,Siblinghouse,1258.0,1755.0
10.0,1672681004171.0,quynanhtran._,Quá»³nh Anh,1200000.0,23400000.0
10.0,1672767143990.0,vanniebui131,BÃ¹i TÆ°á»ng VÃ¢n,18800.0,323300.0
500.0,1651572844201.0,babyariel,BabyAriel,35700000.0,1900000000.0
10.0,1670598655933.0,_ttuanh,Sii Anh TÃº,36700.0,800200.0
4.0,1670253063054.0,wetran.l,Luong Que Tran,19.0,33.0
10.0,1670130547801.0,banhhousee,BÃ nh Housee,113.0,788.0
10.0,1670512346880.0,cher_studio,Cher_studios,133700.0,670100.0
10.0,1670512427887.0,kimdee_le,kimdee_le,6722.0,50700.0
10.0,1670253033417.0,chibest_store,Chibest,1703.0,1251.0
10.0,1675790103660.0,theshilla.official,THESHILLA.OFFICIAL,66900.0,220500.0
9.0,1677345789588.0,eleanoraccessories,Eleanoraccessories,6.0,65.0
10.0,1677345737722.0,quachtana,quachtana,57.0,138.0
10.0,1677346158395.0,crispusclo,Crispus xin chÃ¨o!,305.0,477.0
10.0,1677345269941.0,bliss_clothes99,Bliss,536.0,2704.0
10.0,1677345871764.0,thefrecklestudios,thefrecklestudios,14900.0,92300.0
10.0,1679419064746.0,karlotta_concept,karlotta concept,83.0,101.0
55.0,1677993628658.0,rinrin_collection,Rinrin Collection Tiktok,26300.0,302400.0
343.0,1677993746764.0,girlfashionstory.oficial,Girl Fashion Story,54300.0,45600.0
358.0,1677993333786.0,blashfashion,BLASH FASHION,48600.0,136200.0
510.0,1677993970282.0,nuritari_,Nuritari_Id,491000.0,2200000.0
367.0,1677994130228.0,rajashopbali,Raja shop bali,4993.0,3348.0
